:020000040800F2
:1000000098210024E502000887520008594F000893
:10001000855200089B0400080DA90008000000009C
:10002000000000000000000000000000619E0008C9
:10003000D509000800000000D19B0008719E00084F
:10004000FF020008FF020008FF020008FF0200088C
:10005000FF020008FF020008FF020008FF0200087C
:10006000FF020008FF020008FF02000885050008E3
:1000700091050008FF020008FF020008FF020008C7
:10008000FF020008FF020008FF020008DD09000867
:10009000E9090008FF020008F5090008FF0200084E
:1000A000FF020008FF020008FF020008FF0200082C
:1000B000FF020008FF020008FF020008FF0200081C
:1000C000FF020008FF020008FF020008FF0200080C
:1000D000FF020008FF020008FF02000801A9000853
:1000E000FF020008FF02000800000000FF020008F5
:1000F000FF020008FF020008FF020008FF020008DC
:10010000FF020008FF020008FF020008FF020008CB
:10011000FF020008FF020008CD9F0008FF02000850
:10012000FF020008FF020008FF020008FF020008AB
:10013000FF020008FF020008FF020008190A000879
:1001400000000000000000000000000000000000AF
:10015000FF020008FF020008FF020008FF0200087B
:10016000FF020008FF020008FF020008FF0200086B
:10017000FF020008FF020008FF0200080000000064
:10018000FF020008FF020008FF020008FF0200084B
:10019000FF020008FF020008FF020008FF0200083B
:1001A000FF020008FF020008FF0200080000000034
:1001B000FF020008FF020008FF020008FF0200081B
:1001C000FF020008FF02000800000000000000001D
:1001D0000000000000000000FF0200080000000016
:1001E000000000000000000000000000000000000F
:1001F0000000000000000000FF020008FF020008ED
:10020000FF020008FF02000800000000FF020008D3
:10021000FF020008FF020008FF020008FF020008BA
:10022000FF02000800000000FF02000800000000BC
:10023000FF020008FF02000800000000FF020008A3
:10024000FF020008FF020008FF020008FF0200088A
:10025000FF020008FF020008FF020008FF0200087A
:10026000FF020008FF020008FF020008FF0200086A
:10027000FF020008FF020008FF0200080000000063
:10028000FF020008FF020008FF020008FF0200084A
:1002900000000000FF020008FF020008000000004C
:1002A00000000000FF020008FF020008FF02000833
:1002B000FF020008FF020008FF020008010A000810
:1002C0000D0A0008FF020008FF020008DFF810D046
:1002D00000F0A6F80048004755D30008AFF30080AF
:1002E000982100240648804706480047FEE7FEE7BD
:1002F000FEE7FEE7FEE7FEE7FEE7FEE7FEE7FEE7D6
:100300000D9F0008CD0200082DE9F05F0546002092
:1003100092469B4688460646814640241BE0284676
:1003200041464746224600F053F853465A46C01A03
:10033000914110D311461846224600F03AF82D1A82
:1003400067EB01084F4622460120002100F031F8FA
:1003500017EB00094E41201EA4F10104DFDC4846E2
:1003600031462A464346BDE8F09F40EA01039B0719
:1003700003D009E008C9121F08C0042AFAD203E01A
:1003800011F8013B00F8013B521EF9D27047D2B27E
:1003900001E000F8012B491EFBD270470022F6E76E
:1003A00010B513460A4604461946FFF7F0FF2046EB
:1003B00010BD202A04DB203A00FA02F10020704729
:1003C0009140C2F1200320FA03F319439040704793
:1003D000202A04DB203A21FA02F00021704721FA9A
:1003E00002F3D040C2F12002914008431946704701
:1003F00070B521F0004303430CD0C1F30A5500242B
:10040000D5EB040564EB0403D617AD1AB34102DB48
:100410000020014670BD201841EB025170BD000064
:10042000064C074D06E0E06840F0010394E8070041
:1004300098471034AC42F6D3FFF74CFF98EA000817
:10044000B8EA000870B58C1810F8015B15F00703C6
:1004500001D110F8013B2A1106D110F8012B03E05D
:1004600010F8016B01F8016B5B1EF9D12B0705D465
:100470000023521E0DD401F8013BFAE710F8013BAE
:10048000CB1A921C03E013F8015B01F8015B521ECA
:10049000F9D5A142D8D3002070BDFEE72DE9F04187
:1004A000154DDDE9066414B1012C03D005E04FF4CD
:1004B000007401E040F2FF142C60104C00276F60C4
:1004C0004FF4002CAF604FEA112EC5F80CC0170A8C
:1004D00084F800E01D0A61704FEA162CA770E270E4
:1004E00022462571637184F806C0E671BDE8F041CB
:1004F000014901F099BD0000080900241D000024F5
:10050000F0B50B78012402229BB14F7803261A4DD7
:100510001A4B012FFFEE000A0DD0022FB7EE001A82
:100520000ED010EE106A9E421BDB4C7080ED001A5C
:10053000F0BD0C701DE010EE104AAC4208D210E085
:1005400010EE102A9A42F0DA10EE102AAA4203D3D3
:100550004E70C0ED000AF0BD9FED090A80ED000A63
:10056000F0BD10EE100A9842FADA10EE100AA84216
:10057000F6D24A70F0BD000000409CC500409C458A
:1005800000000000014800F06BBE000018080024C5
:10059000014800F065BE000090080024294A016867
:1005A00091423AD0274A1832914236D0254A303209
:1005B000914232D0234A483291422ED0214A6032B1
:1005C00091422AD01F4A7832914226D01D4A903259
:1005D000914222D01B4AA83291421ED01A4A91421F
:1005E0001BD0194A1832914217D0174A3032914223
:1005F00013D0154A483291420FD0134A60329142CB
:100600000BD0114A7832914207D00F4A9032914272
:1006100003D00D4AA832914211D1CAB21823103A20
:10062000B2FBF3F26FF30901032A02F00703074A52
:10063000D25CC26500D9091D81650846704721F06A
:10064000FF01F9E71000024010040240B2E7000881
:1006500030B5224A012301689142CAB21BD01F4C17
:100660001434A14217D01D4C2834A14213D01B4C86
:100670003C34A1420FD0194C5034A1420BD0174C3E
:100680006434A14207D0154C7834A14203D0134CF6
:100690008C34A1420CD11421114C083AB2FBF1F177
:1006A0000F4A803201F01F0504EB8101AB4010E0DE
:1006B0000C4D1824103A0D44B2FBF4F1A82D00D8CB
:1006C0000831094A01F01F0402EB8101064AA340E8
:1006D0008032603080E80E0030BD000008540258BF
:1006E00000580258F0FBFDBF0008024010B5027927
:1006F000531E072B2DD8174C0168A1421BD0154C57
:100700001434A14217D0134C2834A14213D0114CF9
:100710003C34A1420FD00F4C5034A1420BD00D4CB1
:100720006434A14207D00B4C7834A14203D0094C69
:100730008C34A14203D10849074C443102E00749F7
:10074000064C443104EB8202C0E91B21012199408F
:10075000416710BD08540258FC580258FC0802407A
:1007600010B583694FF0C074826A0146002053B10E
:10077000B3F5005F15D072B1012A0CD0022A0AD05D
:10078000032A09D104E01AB1012A06D0022A03D1B2
:10079000C96AC90100D5012010BDC96AA142FAD0B9
:1007A00010BD002AF7D0012AF2D0022AF3D0032A82
:1007B000F3D010BD2DE9F04F804E804FDFF8FC9153
:1007C0001836DFF8F8A148370468856D0AF1300A59
:1007D000DFF8ECB14C45DFF8ECC1DFF8ECE16DD0AF
:1007E000B4426BD0544569D0BC4267D0DFF8D081A9
:1007F000A8F11808444561D05C455FD064455DD0E0
:1008000074455BD0DFF8C481444557D0DFF8BC8124
:1008100008F11808444551D0DFF8B08108F13008DC
:1008200044454BD0DFF8A48108F14808444545D041
:10083000DFF8988108F1600844453FD0DFF88C81EB
:1008400008F17808444539D0DFF8808108F1900834
:10085000444533D0DFF8748108F1A80844452DD011
:10086000DFF86C81444529D0DFF8648108F1140871
:10087000444523D0DFF8588108F1280844451DD0AD
:10088000DFF84C8108F13C08444517D0DFF840817F
:1008900008F15008444511D0DFF8348108F16408AC
:1008A00044450BD0DFF8288108F17808444505D08D
:1008B000DFF81C8108F18C08444509D1D0E91948BA
:1008C000C4F80480C46E1CB1D0E91C48C4F804808C
:1008D00004684C452ED0B4422CD054452AD0BC429A
:1008E00028D0374E183EB44224D05C4522D064450F
:1008F00020D074451ED0354EB4421BD0334E18362E
:10090000B44217D0314E3036B44213D02F4E483651
:10091000B4420FD02D4E6036B4420BD02B4E7836F9
:10092000B44207D0294E9036B44203D0274EA836A1
:10093000B44215D190F85C603F2406F01F06B44025
:10094000AC600468256825F4802525602EE09A6057
:100950000068C160BDE8F08F99600068C260F9E787
:100960001B4EB4421BD01A4E1436B44217D0184E48
:100970002836B44213D0164E3C36B4420FD0144E33
:100980005036B4420BD0124E6436B44207D0104EEB
:100990007836B44203D00E4E8C36B442DAD190F899
:1009A0005C60012406F01F06B4406C60046863605C
:1009B0008368402B0368CFD1C9E7000010000240D4
:1009C00088000240A0000240B8000240100402402B
:1009D00008540258704772B6FEE70000014801F063
:1009E000ABBC0000C4040024014801F0A5BC000019
:1009F00064050024014801F09FBC00006405002448
:100A0000014801F099BC000004060024014801F0EF
:100A100093BC000004060024044810B501F08CFCCF
:100A2000BDE81040024801F087BC0000C404002467
:100A300064050024F0B503684FF6FC716D4C426B01
:100A4000D3F884508D4345EA8205C3F88450036887
:100A500053F8845F068F25F47F0545EA06451D603F
:100A6000836B654D9F180268D2F888308B4343EA48
:100A70008703C2F88830026852F8883F868F23F4D3
:100A8000FE0343EA06431360066856F8A03FC26BB4
:100A90008B4307EB420243EA82033360076857F84F
:100AA000A03FB0F8406023F4FE0343EA06433B60F6
:100AB000D0E9103603FB06220368D3F8B0608E43FA
:100AC00046EA8206C3F8B0600368B0F84860D3F81D
:100AD000B07027F4FE0747EA0646C3F8B060D0E9D5
:100AE0001267036806FB0722D3F8AC608E4346EA20
:100AF0008206C3F8AC60D0E91467036806FB0722DE
:100B0000D3F8F0608E4346EA8206C3F8F0600368CB
:100B1000B0F85860D3F8F07027F47C1747EA06461F
:100B2000C3F8F0600368876D53F8C06F02EB4702AB
:100B30008E4346EA820119600168B0F85C20D1F862
:100B4000C03023F47C1343EA0242C1F8C02001689C
:100B500090F86020D1F8C03023F07C5343EA026261
:100B6000C1F8C020416B04EB8101C166826B01EBCF
:100B700082020267C36B02EBC3024267D0E9103402
:100B8000634302EB83028267D0E91234634302EBD2
:100B90008302C267D0E91434634302EB8302C0F8D6
:100BA0008020836D02EBC303C0F88430C46D826E75
:100BB000544303EB8403C0F88830046E544303EBC2
:100BC0008402C0F89020AA420AD9D0F89C200321C0
:100BD00042F02002C0F89C2080F898100120F0BD5F
:100BE000002200E004C1D0F890308B42FAD80020F7
:100BF000F0BD000000AC0040FCD30040F0B58E68B2
:100C00000C69D1E9005744EA0604DFB145F080459C
:100C10002C43866ED1E906C54F695E4391F82030BA
:100C200045EA0C05D0F884E00020D1F80CC047EA72
:100C30000363114F1D430EEB860345EA0C05E3E801
:100C4000024511E044EA8544E3E71418155CA678F0
:100C500094F803C094F801E0360445EA0C6446EACF
:100C60000E252C43001D10C3CC6807EB14442478D8
:100C70008442EAD8F0BD0000BCE700082DE9F84F37
:100C8000044602F043F800903CB194F83500022885
:100C900006D0802161650020E4E00120BDE8F88FE6
:100CA000C74DC74EC649183520683036DFF8148363
:100CB000DFF814938842DFF814A3DFF814B32ED0C2
:100CC000A8422CD0B0422AD0404528D0484526D052
:100CD000504524D0584522D0BD4A183290421ED0EB
:100CE000BC4A90421BD0BB4A1832904217D0B94A36
:100CF0003032904213D0B74A483290420FD0B54AB2
:100D0000603290420BD0B34A7832904207D0B14A59
:100D10009032904203D0AF4AA832904209D1026883
:100D200022F01E0202602068426922F080024261C5
:100D300003E0026822F00E02026027688F42384604
:100D40004DD0A8424BD0B04249D0404547D048454D
:100D500045D0504543D0584541D09D4A1832904225
:100D60003DD09C4A90423AD09A4A1832904236D0AE
:100D7000984A3032904232D0964A483290422ED031
:100D8000944A603290422AD0924A7832904226D0D9
:100D9000904A9032904222D08E4AA83290421ED081
:100DA0008D4A90421BD08C4A1432904217D08A4A06
:100DB0002832904213D0884A3C3290420FD0864A63
:100DC000503290420BD0844A6432904207D0824A1B
:100DD0007832904203D0804A8C32974204D1206E00
:100DE000026822F48072026075492068884228D027
:100DF000A84226D0B04224D0404522D0484520D039
:100E000050451ED058451CD071491831884218D021
:100E10007049884215D06F491831884211D06D4908
:100E2000303188420DD06B494831884209D0694938
:100E30006031884205D067497831884201D06549E0
:100E40009031016821F0010101600EE001F05EFFC8
:100E50000099401A052808D9202262650321002044
:100E600084F8351084F8340017E73868C007EDD1EE
:100E7000534A0121206890422ED0A8422CD0B04283
:100E80002AD0404528D0484526D0504524D0584542
:100E900022D04F4B183398421ED04E4B98421BD055
:100EA0004C4B1833984217D04A4B3033984213D0EA
:100EB000484B483398420FD0464B603398420BD092
:100EC000444B7833984207D0424B9033984203D03A
:100ED000404BA833984208D194F85C703F23A06D32
:100EE00007F01F07BB40836007E094F85C30A06DFB
:100EF00003F01F0301FA03F34360206890424DD0D2
:100F0000A8424BD0B04249D0404547D0484545D093
:100F1000504543D0584541D02D4A183290423DD0DB
:100F20002C4A90423AD02B4A1832904236D0294A65
:100F30003032904232D0274A483290422ED0254A51
:100F4000603290422AD0234A7832904226D0214AF9
:100F50009032904222D01F4AA83290421ED01E4AA0
:100F600090421BD01C4A1432904217D01A4A2832A1
:100F7000904213D0184A3C3290420FD0164A503259
:100F800090420BD0144A6432904207D0124A783211
:100F9000904203D0104A8C3290420BD1D4E919020E
:100FA0004260E06E30B1026822F480720260D4E9DF
:100FB0001C024260002084F8351084F834006DE68D
:100FC00010000240580002407000024088000240B9
:100FD000A000024010040240085402582DE9F05FBE
:100FE00028B190F83510022904D0802141650120F4
:100FF000BDE8F09F904C904B0168183C18338E4A26
:10100000DFF83C92A1428D4CDFF838E28E4FDFF8DA
:101010003CB2DFF83CA28F4D8F4E31D091422FD0A1
:1010200099422DD0A1422BD0494529D0714527D0D6
:10103000B94225D0DFF810C20CF1180C61451FD061
:10104000DFF808C2ACF1600C614519D0DFF8FCC1D3
:10105000ACF1480C614513D0DFF8F0C1ACF1300CB5
:1010600061450DD0DFF8E4C1ACF1180C614507D043
:10107000594505D0514503D0A94201D0B1422CD1E8
:10108000DFF8B4C14FF0040880F83580ACF1180CDB
:1010900061451DD091421BD0994219D0A14217D071
:1010A000494515D0714513D0B94211D06648183062
:1010B00081420DD065486038814209D06348483884
:1010C000814205D061483038814201D05F481838EC
:1010D000086820F001000860ABE0D1F800C02CF0F7
:1010E0000E08DFF854C1C1F80080ACF1180C01689B
:1010F000614527D0914225D0994223D0A14221D0E9
:1011000049451FD071451DD0B9421BD0DFF838C109
:101110000CF1180C614515D0DFF830C1ACF1600C52
:1011200061450FD0DFF824C1ACF1480C614509D00E
:10113000DFF818C1ACF1300C614503D0DFF80CC109
:10114000ACF1180CD1F800C02CF0010CC1F800C0B3
:10115000DFF8E4804FF0010C0168A8F11808414560
:1011600046D0914244D0994242D0A14240D0494514
:101170003ED071453CD0B9423AD0334A1832914200
:1011800036D0324A603A914232D0304A483A91429F
:101190002ED02E4A303A91422AD02C4A183A914207
:1011A00026D0594524D0514522D0A94220D0B14261
:1011B0001ED02A4A91421BD0284A1432914217D09D
:1011C000264A2832914213D0244A3C3291420FD011
:1011D000224A503291420BD0204A6432914207D0C9
:1011E0001E4A7832914203D01C4A8C32914218D167
:1011F000016E0A6822F480720A6090F85C20816DAA
:1012000002F01F020CFA02F24A60D0E919124A6099
:10121000C16E31B10A6822F480720A60D0E91C12F2
:101220004A600022016D80F835C080F8342001B199
:1012300088470020DCE600002800024058000240F9
:101240007000024088000240A0000240700402408A
:1012500088040240A0040240B80402400854025826
:101260002DE9FC5F0446F74E0020DFF8D88300909C
:101270004FF41652F44808F11808A56DDFF8C4932E
:10128000DFF8C0A3016809F1300920680AF1480AB3
:10129000B1FBF2F1B04201912F68D5F800C0DFF840
:1012A000ACB335D04146884232D0484530D0504565
:1012B0002ED058452CD0E5491831884228D0E34932
:1012C0003031884224D0E1494831884220D0E04979
:1012D00088421DD0DE491831884219D0DC493031AE
:1012E000884215D0DA494831884211D0DFF860E3EE
:1012F0000EF1600E70450BD0D54A7832904207D07F
:10130000D34B9033984203D0D149A83188427DD144
:1013100094F85C20082102F01F0201FA02F23A421E
:101320004AD0B04232D0404530D048452ED050450A
:101330002CD058452AD0C54A1832904226D0C34AEC
:101340003032904222D0C14A483290421ED0C04A28
:1013500090421BD0BE4A1832904217D0BC4A30325D
:10136000904213D0BA4A483290420FD0B84A603205
:1013700090420BD0B64A7832904207D0B44A9032AD
:10138000904203D0B24AA832904203D1026802F0E0
:10139000040202E0026802F008026AB1026822F068
:1013A0000402026094F85C0000F01F008140A96014
:1013B000606D40F00100606594F85C00012100F070
:1013C0001F008140394240D02068B04234D04045AF
:1013D00032D0484530D050452ED058452CD09B4A6D
:1013E0001832904228D0994A3032904224D0974AFD
:1013F0004832904220D0964A90421DD0944A1832EA
:10140000904219D0924A3032904200E0AFE113D0BE
:101410008F4A483290420FD08D4A603290420BD0B2
:101420008B4A7832904207D0894A9032904203D05A
:10143000874AA83290427DD1406910F0800F04D0D5
:10144000A960606D40F00200606594F85C000421C2
:1014500000F01F00814039423ED02068B04232D0B7
:10146000404530D048452ED050452CD058452AD044
:10147000764A1832904226D0744A3032904222D0B6
:10148000724A483290421ED0714A90421BD0704A34
:101490001832904217D06E4A3032904213D06C4AC4
:1014A000483290420FD06A4A603290420BD0684A6C
:1014B0007832904207D0664A9032904203D0644A14
:1014C000A83290424ED1006810F0020F04D0A960FB
:1014D000606D40F00400606594F85C00102100F03D
:1014E0001F008140394258D02068B04234D0404576
:1014F00032D0484530D050452ED058452CD0534A94
:101500001832904228D0514A3032904224D04F4A6B
:101510004832904220D04E4A90421DD04C4A183258
:10152000904219D04A4A3032904215D0484A483247
:10153000904200E014E00FD0454A603290420BD058
:10154000434A7832904207D0414A9032904203D0C9
:101550003F4AA832904207D1006800F0080006E038
:10156000006872E70068B7E7006800F00400A0B107
:10157000A96020680168490304D50068000308D504
:10158000A16C07E00168C90503D4016821F00801D6
:101590000160216C09B12046884794F85C00202145
:1015A00000F01F008140394279D02068B04232D02B
:1015B000404530D048452ED050452CD058452AD0F3
:1015C000224A1832904226D0204A3032904222D00D
:1015D0001E4A483290421ED01D4A90421BD01C4ADF
:1015E0001832904217D01A4A3032904213D0184A1B
:1015F000483290420FD0164A603290420BD0144AC3
:101600007832904207D0124A9032904203D0104A6A
:10161000A832904203D1006800F0100002E0006898
:1016200000F00200B0B3A96094F8350004282068E7
:1016300001680FD049037ED5006800032BD4616C8C
:101640002AE0000010000240140000247000024054
:101650001004024021F0160101602068416921F068
:1016600080014161206C08B9A06C20B1206801683C
:1016700021F00801016094F85C303F21012003F063
:101680001F0300229940A96084F8350084F83420B3
:10169000216D65E003E0E16B09B120468847606D8C
:1016A00000287DD0606DC00759D02068042184F8DF
:1016B0003510B0422BD0404529D0484527D0504561
:1016C00025D0584523D09D49884220D09B491831C8
:1016D00088421CD099493031884218D098498842B4
:1016E00015D097491831884211D095493031884238
:1016F0000DD093494831884209D0914960318842E0
:1017000005D08F497831884201D08D4990310168E8
:1017100021F00101016020680099019A491C0091A3
:10172000914202D80168C907F6D10068C00710D0FD
:1017300003200FE0FFE70168C905ACD4036801216D
:10174000002223F01003036084F8351084F834205D
:10175000A1E7012084F83500002084F83400E16C12
:1017600000291DD002B02046BDE8F05F084775494A
:1017700088421DD073491431884219D071492831EB
:10178000884215D06F493C31884211D06D495031A3
:1017900088420DD06B496431884209D0694900E024
:1017A00084E07831884203D066498C3188427DD10B
:1017B00094F85C800427016808F01F0807FA08F70E
:1017C00017EA0C0F009746D04F0744D500980F0436
:1017D000686003D5C8033CD4A16CC1E7880638D43F
:1017E0002068B0422DD055496039884229D04845FB
:1017F00027D0504525D0584523D05049884220D085
:101800004E49183188421CD04C493031884218D09A
:101810004B49884215D04A491831884211D048496D
:10182000303188420DD046494831884209D0704550
:1018300007D0904205D0984203D04149A831884250
:1018400003D1016821F0080102E0016821F00401E0
:101850000160216C84E7022707FA08F717EA0C0FEA
:1018600000974ED08F074CD500980F04686003D5C1
:10187000C80344D4616C73E7880640D42068B04242
:101880002FD02E49603988422BD0484529D0504569
:1018900027D0584525D02949884222D027491831D8
:1018A00088421ED025493031884200E044E018D0FB
:1018B0002349884215D022491831884211D0204945
:1018C000303188420DD01E494831884209D07045D8
:1018D00007D0904205D0984203D01949A8318842D8
:1018E00003D1016821F0140102E0016821F00A012E
:1018F0000160012184F83510002084F83400E16B88
:101900002EE7082202FA08F212EA0C0F14D0090797
:1019100012D5016821F00E01016094F85C100120DD
:10192000002201F01F0100FA01F16960606584F88E
:10193000350084F8342012E7BDE8FC9F880002409F
:1019400010040240085402582DE9F05F044601F0EB
:10195000DDF9002C07467DD0E24E022120684FF0D1
:101960000308DFF884934FF00005DFF880A3B0424E
:10197000DFF87CB334D0DB4A1832904230D048458F
:101980002ED050452CD058452AD0D94A18329042F2
:1019900026D0D74A3032904222D0D54A483290429F
:1019A0001ED0D44A90421BD0D24A1832904217D04F
:1019B000D04A3032904213D0CE4A483290420FD0B3
:1019C000CC4A603290420BD0CA4A7832904207D05B
:1019D000C84A9032904203D0C64AA83290427DD184
:1019E00084F83510B04284F834502ED0BD491831F7
:1019F00088422AD0484528D0504526D0584524D082
:101A0000BB491831884220D0B949303188421CD0B6
:101A1000B7494831884218D0B649884215D0B549EF
:101A20001831884211D0B349303188420DD0B149C4
:101A30004831884209D0AF496031884205D0AD496C
:101A40007831884201D0AB499031016821F0010121
:101A5000016008E025E100BF01F058F9C01B05282E
:101A600001D920211AE120680068C007F4D1D4E927
:101A700002032168103418438E4694E88410D4E998
:101A8000033809683A4310439B4A40EA0C006769EF
:101A900018431140103C40EA0800042F40EA0100BE
:101AA00003D1D4E90B12114308436168A1F1290263
:101AB000052A0BD9163A032A08D9083A012A05D96A
:101AC000083A032A02D97439032901D840F4801056
:101AD000CEF800002068676A406900E020E0042F2B
:101AE00020F0070047EA00070DD1D4E90A010743B7
:101AF00049B12046FEF734FE28B14020606501213F
:101B000084F83510CDE0206847612046FEF746FD99
:101B100094F85C203F2102F01F029140816055E063
:101B2000764A90421BD0754B1433984217D0734BB2
:101B30002833984213D0714B3C3398420FD06F4BEF
:101B4000503398420BD06D4B6433984207D06B4BA7
:101B50007833984203D0694B8C3398427ED184F815
:101B6000351084F83450664B0168A26801EA030E10
:101B7000402A74D0802A73D05FF00002D4E9037841
:101B8000D4E9053142EAD70242EAD8085B4AD4E9EF
:101B9000077C48EAD30848EAD10141EAD70152421A
:101BA00041EA1C11142341EA0E010160206810442F
:101BB000B0FBF3F08000E0652046FEF7EFFC94F800
:101BC0005C20012102F01F02914041602068B04278
:101BD00057D044491831884253D0484551D05045D8
:101BE0004FD058454DD042491831884249D04049DC
:101BF0003031884245D03E494831884241D03D4944
:101C000088423ED03B49183188423AD03949303178
:101C1000884236D037494831884232D03549603120
:101C200088422ED03349783188422AD031499031C8
:101C3000884226D02F49A831884222D02F49884295
:101C40001FD02E49143188421BD02C49283188429C
:101C500017D02A493C31884213D002E01DE017E03A
:101C600018E02649503188420BD02449643188421B
:101C700007D022497831884203D020498C318842EC
:101C800029D12046FEF7E4FCA06880280CD00CE0A7
:101C9000102273E74FF4804270E74021616584F8B9
:101CA00035800120BDE8F09F6560216E20790860D5
:101CB000D4E9190141606068401E072808D8204611
:101CC000FEF714FDE06E0560D4E91C01416002E0FE
:101CD000E566256765670120656584F835000020A5
:101CE000E0E70000100002404000024058000240BF
:101CF00070000240100402403F8010FE0854025859
:101D00000F00FEFF2DE9F84F04008C464FF0000055
:101D1000009014D094F83400012812D094F8355073
:101D20000120002184F83400012D0CD0C002606530
:101D30000120009084F834100098BDE8F88F01204D
:101D4000FBE70220F9E78C4D0226206884F8356015
:101D5000A8428A4D61658A4E8A4FDFF82C82DFF8EF
:101D60002C92DFF82CA2DFF82CB226D0A84224D087
:101D7000B04222D0B84220D040451ED048451CD0A9
:101D800050451AD0584518D08349884215D0824909
:101D90001831884211D08049303188420DD07E49B7
:101DA0004831884209D07C496031884205D07A495F
:101DB0007831884201D078499031016821F00101E1
:101DC000016061462046FEF7F5FC6B4920688842B9
:101DD0002CD0A8422AD0B04228D0B84226D04045C4
:101DE00024D0484522D0504520D058451ED06A4ABC
:101DF00090421BD0684A1832904217D0664A30325F
:101E0000904213D0644A483290420FD0624A603206
:101E100090420BD0604A7832904207D05E4A9032AE
:101E2000904203D05C4AA83290420CD1026822F062
:101E30001E0242F016020260206C88B1206802681F
:101E400042F008020BE0026822F00E0242F00A02A1
:101E50000260206C20B12068026842F00402026037
:101E6000206888424BD0A84249D0B04247D0B842FF
:101E700045D0404543D0484541D050453FD05845D6
:101E80003DD0454A90423AD0434A1832904236D02B
:101E9000414A3032904232D03F4A483290422ED0AE
:101EA0003D4A603290422AD03B4A7832904226D056
:101EB000394A9032904222D0374AA83290421ED0FE
:101EC000364A90421BD0354A1432904217D0334ADA
:101ED0002832904213D0314A3C3290420FD02F4AE0
:101EE000503290420BD02D4A6432904207D02B4A98
:101EF0007832904203D0294A8C3290420DD1206E24
:101F00000268D20303D5026842F480720260E06E78
:101F100018B1026842F4807202602068884226D0BC
:101F2000A84224D0B04222D0B84220D040451ED092
:101F300048451CD050451AD0584518D016498842FB
:101F400015D015491831884211D0134930318842D3
:101F50000DD011494831884209D00F49603188427B
:101F600005D00D497831884201D00B499031016884
:101F700041F001010160DFE610000240280002404C
:101F800040000240580002407000024088000240B9
:101F9000A0000240B8000240100402400854025859
:101FA00010B590F89830012B09D0022B07D0D0F84B
:101FB0009C1041F00201C0F89C10012010BD036884
:101FC0009C6D0C4203D1DC6D44F0010404E09C6D77
:101FD00031EA04041FD00324DC658B0505D50368B2
:101FE000D3F8E0401443C3F8E0404B0505D503683F
:101FF000D3F8E4401443C3F8E4400068084A01EA17
:102000000203446D074A1C434465106840EA91701E
:102010001060002010BDDC6D44F00204DCE700001D
:10202000FFFFCF3F14A8004070B5044690F8980019
:10203000022804D0D4F89C0040F008000DE020688D
:10204000D0F8C03013F07C5F0BD0D0F8C4309B02C6
:102050000CD5D4F89C0040F40070C4F89C0001201A
:1020600070BDD4F89C0040F02000F6E7D0F8C40022
:10207000C0F3044520462B46FEF7C0FD2168012031
:10208000A840C1F8D000C4F89400002070BD70478B
:1020900090F89830012B07D0D0F89C1041F0040143
:1020A000C0F89C100120704761B10068012913D06D
:1020B000D0F8B01021F0FE4141EA0261C0F8B01042
:1020C000002070470068D0F8F01021F07C5141EA00
:1020D0000261C0F8F010F3E7D0F8A01021F0FE4143
:1020E00041EA0261C0F8A010EAE770B590F89820C4
:1020F000012A09D0022A07D0D0F89C1041F0020131
:10210000C0F89C10012070BD0B68CA6883B10B69D0
:10211000072A43EA427325D00C7A4A6942EA84725C
:102120004968006F00EBC100C0E90032002070BDBB
:10213000072A0DD00C7AD6060D8A4B6943EA8472C1
:1021400046EA0543C06E49681A4340F82120EDE78E
:102150000B8A4FF06055D1E9062442EA034245EA72
:102160000423EFE78A69DBE730B590F89850039CC9
:10217000012D07D0D0F89C1041F00401C0F89C104C
:10218000012030BD0D01016845EA820040EA4300AC
:102190002043C1F88000002030BD70477047000028
:1021A000F0B590F898400025022C04D0D0F89C108F
:1021B00041F008012BE040294FF0004605D04129AD
:1021C00029D0046D8C4219D942E00468D4F8A0707B
:1021D00017F4FE0F12D0D4F8A4707F0613D0D4F8F1
:1021E000A470FF0105D5D4F8A070B6EBD77F00D15D
:1021F0000125D4F8A470466F446C24E0D0F89C10FC
:1022000041F0200103E0D0F89C1041F48071C0F847
:102210009C100120F0BD0468D4F8B07017F4FE0FD4
:10222000ECD0D4F8B4707F06EDD0D4F8B470FF01D0
:1022300005D5D4F8B070B6EBD77F00D10125D4F81E
:10224000B470866FC46CC7F305273D446C4302E04D
:10225000446DC66F4C4306EB8404266816F0804636
:102260005660266836D026F060461660D4F800C066
:1022700000262F4F0CF0005CC2F808C0D4F800C054
:102280000CF0004CC2F810C0B4F804C01FFA8CFC6B
:10229000C2F81CC0D4F804C00CF4702CC2F80CC0F6
:1022A000D4F804C00CF4801CC2F814C0D4F804C0E4
:1022B0000CF4001CC2F818C0D4F804C0CCF3066CAF
:1022C000C2F820C0D4F804C008344FEADC7CC2F85D
:1022D00024C008E0C6F38A46C7E700BF14F806C06A
:1022E00003F806C0761CD2F80CC007EB1C4C9CF817
:1022F00000C0B445F2D840290AD041290CD0202989
:102300004FF001020CD200688A40C0F898200DE01E
:102310000068C0F8A85009E00068C0F8B85005E0AF
:10232000006801F01F018A40C0F89C200020F0BD29
:10233000BCE70008704700002DE9FF5FDFF80CB331
:1023400004460BF10401DBF8000025680F68AA467B
:102350008007D5F85090696DD5F850806E6D2A6D64
:10236000D5F854C02B6D00EA8770009009F47049CD
:102370006F6D286D01EA09010191DAF85410DAF85D
:102380005490DAF8505008F00F0806EA0806029652
:1023900002F0F00203F071536FEA09061F4000F0EB
:1023A00060700CEA020CCDF80CC0F20501EA0009DD
:1023B0000CD4E843C00509D400214FF48073CAF857
:1023C0005030CBF800102046FFF7B4FF700512D450
:1023D000E84340050FD4206800234FF48068D0F80C
:1023E000DC20D0F8E410C0F85080CBF80030114069
:1023F000204600F073FBDFF858A2009850B1226825
:10240000830F00EA0A001065CBF8003020460099DF
:10241000FFF73DFE019850B12268830F00EA0A00E1
:102420001065CBF800302046019900F059FB029866
:1024300050B12268830F00EA0A001065CBF8003023
:102440002046029900F012FB039850B12268830FD6
:1024500000EA0A001065CBF800302046039900F02E
:102460001DFB30050CD4E843000509D42368002087
:102470004FF400621A65CBF80000204600F031FBF3
:10248000B00512D4E84380050FD4206800234FF430
:102490000078D0F8D820D0F8E010C0F85080CBF801
:1024A00000301140204600F01AFB30030CD4E84302
:1024B000000309D4236800204FF400221A65CBF8EA
:1024C0000000204600F0D0FAF0030CD4E843C0032B
:1024D00009D4236800204FF480321A65CBF800003D
:1024E000204600F0FAFA70030CD4E843400309D404
:1024F000226800204FF480231365CBF800002046AB
:1025000000F0EAFAB0030FD4E84380030CD4236848
:1025100000204FF400321A65CBF80000D4F89C007C
:1025200040F08000C4F89C00B9F1000F0BD0226885
:102530004FEA997309EA0A001065CBF80030494662
:102540002046FFF72BFE5FB12268BB0F07EA0A00A7
:102550001065CBF80030D4F89C003843C4F89C00D8
:102560003C492068884268D160688146806880075D
:1025700063D0D9F82060D9F82410D9F82080D9F890
:102580002400D9F820C0D9F82470D9F82030D9F81F
:102590002450D9F8202003F4FC4306F00F0AD9F8A0
:1025A00024601D40D9F824B008F030080CF4C07C39
:1025B00002F4F02211EA0A0100EA080807EA0C070F
:1025C00006EA0206D9F820A004D0C9F82010204657
:1025D00000F07FFAB8F1000005D06168086241465A
:1025E000204600F078FA6FEA0B0040060ED46FEA3E
:1025F0000A0040060AD460684021C36BC26B0162C6
:102600002046190C02F03F0200F064FA2FB1606816
:1026100007623946204600F05BFA35B16068056212
:10262000D4F89C002843C4F89C0036B16068066268
:10263000D4F89C003043C4F89C00D4F89C000028D7
:1026400002D02046FFF7A9FDBDE8FF9F10A800407B
:10265000FFFFCF3F00A000402DE9F04194B08D492D
:102660004C2204466846FDF780FE64B18A4D20681E
:10267000A84202D100F58070606094F898004FF095
:10268000000820B108E0012014B0BDE8F081204628
:1026900084F8998000F002F92068816921F0100126
:1026A000816100F033FB0327064604E000F02EFBB7
:1026B000801B0A2811D8206880690007F6D420689A
:1026C000816941F00101816100F020FB06460DE0C7
:1026D00000F01CFB801B0A2808D9D4F89C0040F0AD
:1026E0000100C4F89C0084F89870CCE720688069E9
:1026F000C007EDD02068816941F002018161207C32
:1027000001282068816937D041F040018161607CF7
:1027100001282068816932D021F480418161A07C48
:102720000128206881692DD041F4805181612068A1
:10273000A268816921F44071114381612068816937
:1027400021F0A40181612068016921F0100101617B
:10275000E068012819D010B302281BD020688169D5
:1027600041F0800181612068016941F0100101613F
:10277000E06803280ED012E021F04001C6E741F4E2
:102780008041CBE721F48051D0E72068816941F096
:10279000040103E02068816941F020018161207E0D
:1027A0006FF0FF02D4E90773A68A1102400602EB1C
:1027B0000727A0F10070384327685B1E184301EB20
:1027C00006463043F861A068B0F5407F11D104F1AE
:1027D0002800A68C6FF00F0C89C801EB0641401E43
:1027E00002EB0322104322680CEB07131843084343
:1027F000D060206E30B12068626ED0F8C0101143F6
:10280000C0F8C010D4E917126846D14209D0216837
:10281000A36E51F8C82F50F8233022F007021A4354
:102820000A60216C49B12168626C51F8BC3F50F8D4
:10283000226023F0070232430A60A16C51B1216883
:10284000E36C51F8BC2F50F8233022F0700242EABA
:1028500003120A60216D51B12168626D51F8BC3FCD
:1028600050F8220023F4E06242EA00200860206869
:10287000A84204D16068816821F003018160C4F836
:1028800094800121C4F89C8084F898102046FEF7BB
:10289000D1F8F9E6CCE7000800A000402DE9F043AC
:1028A000B5B0804614212EA8FDF778FDB821684602
:1028B000FDF774FD654C0026D8F800004FF08051FC
:1028C000634A0C3C604F4FF00208604D90424FF05D
:1028D000090930D100201B914A13CDE90020684638
:1028E00000F08CFC08B1FEF776F83868401C3860C0
:1028F000012807D1286840F480702860286800F417
:1029000080703390206840F0080020602068032227
:102910002E922EA900F00800CDE92F863196CDE940
:1029200032904C4800F0DEF800220121132000F024
:10293000B3FA13203CE0484A904246D100201B9154
:102940004FF40042CDE90020684600F057FC08B182
:10295000FEF741F83868401C3860012807D1286824
:1029600040F480702860286800F4807033902068FC
:1029700040F00200206020684FF440522E922EA9B1
:1029800000F00200CDE92F863196CDE93290334830
:1029900000F0A8F800220121142000F07DFA142094
:1029A00000F06CFA00220121162000F075FA1620C2
:1029B00000F064FA00223F20114600F06DFA3F203B
:1029C00000F05CFA35B0BDE8F083254A9042F9D1B9
:1029D00000201B914FF40042CDE90020684600F032
:1029E0000DFC08B1FDF7F7FF3868401C386001287E
:1029F00007D1286840F480702860286800F480704F
:102A00003390206840F04000206020684FF4C0619F
:102A10002E912EA900F040003390CDE92F86114869
:102A2000CDE9316800F05EF800229F20114600F0E9
:102A300033FA9F2000F022FA0022A020114600F075
:102A40002BFAA020BCE7000004000024EC4402584C
:102A500000A00040000C025800A4004000040258EE
:102A600000D40040001802587047000010B504461A
:102A70000748844201D10AF06BF80648844201D12C
:102A80000AF0B8F80448844201D10AF005F910BDF3
:102A9000C40400246405002404060024704790F850
:102AA0009810012907D0D0F89C1041F00401C0F81B
:102AB0009C1001207047022180F8981000220168C4
:102AC0008B6923F001038B61C0F89C20104670478E
:102AD000704770477047704770477047704770473E
:102AE000704770472DE9F84F03247A4D00234FF0CB
:102AF00001094FF0B04B4FF00F0AE4E009FA03F67A
:102B0000324078D00F7907F00307012F01D0022F50
:102B10001AD187684FEA430ED1F80CC004FA0EF8B8
:102B200027EA08070CFA0EFC4CEA070CC0F808C0AC
:102B3000476891F804C0B743CCF3001C0CFA03FCBF
:102B40004CEA070CC0F804C00E79F643B6070BD068
:102B5000C6684FEA43088F6804FA08FC26EA0C06A8
:102B600007FA08F73743C7600E7906F00306022E0E
:102B700012D1DE080F694FEA437C00EB8606B646A9
:102B8000366A4FEADC6C0AFA0CF807FA0CF726EA08
:102B900008063743CEF820700F7906684FEA4308DD
:102BA00007F0030704FA08FC07FA08F726EA0C0600
:102BB000374307604E6816F4403F1CD0464E3768D6
:102BC00047F00207376036689F0706F00206009656
:102BD00023F0030606F1B046B6463F0FD6F8086468
:102BE000DFF8F8800AFA07FC404526EA0C0603D114
:102BF0004FF0000C3AE065E0DFF8E4C0604502D138
:102C00004FF0010C32E0DFF8DCC0604502D14FF03C
:102C1000020C2BE0DFF8D0C0604502D14FF0030C6E
:102C200024E0DFF8C8C0604502D14FF0040C1DE07D
:102C3000DFF8BCC0604502D14FF0050C16E0DFF8AC
:102C4000B4C0604502D14FF0060C0FE0DFF8A8C019
:102C5000604502D14FF0070C08E0DFF8A0C06045E6
:102C600002D14FF0090C01E04FF00A0C0CFA07FCFE
:102C70004CEA060CCEF808C44F68DBF80060FF028F
:102C800026EA020600D516435F46CBF80060D1F86D
:102C900004C0DBF804605FEA8C2C26EA020600D54B
:102CA00016437E606E684F6826EA0206BF0300D5B1
:102CB00016436E602E684F6826EA0206FF0300D5B1
:102CC00016432E605B1C0A6832FA03F67FF416AFD7
:102CD000BDE8F88F80000058F44402580000025804
:102CE0000004025800080258000C02580010025854
:102CF0000014025800180258001C02580024025800
:102D00000AB1816170470904FBE70000014880684F
:102D100070470000080000240248816802781144CE
:102D20008160704708000024032010B500F0D4F83B
:102D300001F076F80F4A104914681368C4F30322AF
:102D400003F00F038A5CC95C02F01F0201F01F014F
:102D5000D0400A4A20FA01F11160094908600F20A9
:102D600000F010F808B1012010BD00F079F8002043
:102D700010BD00001844025840E800081800002464
:102D80001400002470B50D4D04462878A0B14FF40E
:102D90007A71B1FBF0F00A490968B1FBF0F001F07B
:102DA0006EFB48B9102C07D200222146501E00F0BD
:102DB00073F800206C6070BD012070BD0800002415
:102DC00014000024F0B5154C4378211D0A1D236022
:102DD0000378F3B143680B60057BC67A817A437B45
:102DE0002D07847B45EA0665C77B90F809C0067A03
:102DF00090F800E045EAC14040EA834040EA4440A0
:102E000040EA074040EA0C2040EA460040EA0E0053
:102E100001E0002008601060F0BD000098ED00E0C7
:102E2000BFF35F8F044800210368034A23F4803313
:102E3000036070321160704724ED00E0074A40F0F3
:102E40000100064970321060086840F48030086064
:102E5000BFF34F8FBFF36F8F7047000024ED00E08A
:102E6000054808B5016841F002010160006800F002
:102E70000200009008BD0000F4440258002809DB5D
:102E8000410900F01F028900012001F1E02190407A
:102E9000C1F80001704700000E4BF0B41B680D46EE
:102EA000C3F30223C3F10706042E00D90426191D1B
:102EB000072901D2002300E0DB1E012404FA06F1F9
:102EC0009C40491E2940641E994014402143F0BC97
:102ED00007F035BD0CED00E0064900F0070210B523
:102EE0004FF6FF040868044B204040EA02201843D4
:102EF000086010BD0CED00E00000FA05134970B544
:102F00000A68D243520705D5096801F007018142DA
:102F100013D118E00A6822F0070202430A60FFF7A3
:102F2000F5FE0A4D4FF47A760446083D07E000BFEF
:102F3000FFF7ECFE001BB04201D9012070BD2868EC
:102F4000C0438004F4D4002070BD00000C48025837
:102F500010B500F01FFF05490968054AC1F30211C9
:102F6000515C01F01F01C84010BD00002044025810
:102F700040E80008494930B5484C0B1D0A68143434
:102F800009681D68246802F00303C5F30012C1F349
:102F90000531C4F3CC04002914FB02F200EE102A20
:102FA000F8EE400A75D03F4A9FED3D1AB7EE000A91
:102FB0006BB1DFED3D1A012B01D0022B64D002EE84
:102FC000101A1168F8EE422A81EEA22A21E0334C51
:102FD000283C23689B0612D5344B246801EE901AD6
:102FE0001168C4F3C104F8EE612AE34001EE903A9F
:102FF000C1F30801F8EE611A81EEA22A0BE001EE9E
:10300000901ADFED2B2A00BFF8EE611A116882EEEC
:10301000A12AC1F3080101EE901A1168F8EE611AB5
:1030200040EE811A71EE800A62EE200AC1F3462159
:1030300001EE101AB8EE411A31EE001AC0EE811AF4
:10304000BCEEE11A80ED001A1168C1F3064101EEF1
:10305000101AB8EE411A31EE001AC0EE811ABCEE19
:10306000E11A80ED011A1168C1F3066101EE101A30
:10307000B8EE411A31EE000A80EE801ABCEEC10AA9
:1030800080ED020A30BD04E001EE901ADFED092A5E
:10309000BAE70021016041608160F3E728440258EB
:1030A00000000039384402580024744A0090D003CC
:1030B0000024744C20BCBE4B494930B5484C0B1D14
:1030C0000A681C3409681D68246802F00303C5F30C
:1030D0000022C1F30551C4F3CC04002914FB02F211
:1030E00000EE102AF8EE400A75D03F4A9FED3D1AD7
:1030F000B7EE000A6BB1DFED3D1A012B01D0022BB8
:1031000064D002EE101A1168F8EE422A81EEA22A6B
:1031100021E0334C283C23689B0612D5344B2468AD
:1031200001EE901A1168C4F3C104F8EE612AE3407D
:1031300001EE903AC1F30801F8EE611A81EEA22A7D
:103140000BE001EE901ADFED2B2A00BFF8EE611ABA
:10315000116882EEA12AC1F3080101EE901A1168EC
:10316000F8EE611A40EE811A71EE800A62EE200AD2
:10317000C1F3462101EE101AB8EE411A31EE001AE1
:10318000C0EE811ABCEEE11A80ED001A1168C1F39D
:10319000064101EE101AB8EE411A31EE001AC0EEE7
:1031A000811ABCEEE11A80ED011A1168C1F30661C3
:1031B00001EE101AB8EE411A31EE000A80EE801AC4
:1031C000BCEEC10A80ED020A30BD04E001EE901AA7
:1031D000DFED092ABAE70021016041608160F3E771
:1031E0002844025800000039404402580024744A20
:1031F0000090D0030024744C20BCBE4B2DE9FE4F40
:103200000546DFF800A450F8081B0024FD4FC94311
:10321000019005F1280026460AF1240A00900801D1
:103220001DD4686E50B1B0F5801F0CD0B0F5001FF2
:103230000ED0B0F5401F1ED001240FE0386840F4D6
:103240000030386017E00198022106F0C3FC03E06B
:103250000098022106F04EFD04000CD02646288876
:10326000C043C00523D4A86D05281ED2DFE800F0B6
:103270000C11161B1B006A6EDAF8001021F44011C5
:103280001143CAF80010EAE7386840F400303860AB
:1032900009E00198002106F09DFC03E00098002160
:1032A00006F028FD0446C4B100E001242646288823
:1032B000DFF85083C04308F12C0840052FD4D5F81F
:1032C000A400B0F5C00F28D010DCB8B1B0F5001FD5
:1032D00019D0B0F5800F0FD11AE0AA6DDAF80010FE
:1032E00021F007011143CAF80010E0E7B0F5000F24
:1032F00013D0B0F5200F10D001240FE0386840F44F
:103300000030386009E00198002106F063FC03E01A
:103310000098002106F0EEFC044694B12646288869
:10332000C043000530D4D5F8A800B0F1407F29D0C3
:1033300011DCC0B1B0F1807F1AD0B0F1007F10D1A4
:103340001BE0D5F8A420D8F8001021F46001114347
:10335000C8F80010E3E7B0F1806F13D0B0F1A06FB0
:1033600010D001240FE0386840F40030386009E0E4
:103370000198002106F02EFC03E00098002106F0E1
:10338000B9FC044694B126462868DFF878B2C043F9
:103390000BF1200B80011FD4E86CD8B110280FD09E
:1033A000202812D0302815D0012414E0D5F8A82008
:1033B000D8F8001021F0E0611143C8F80010E3E7ED
:1033C000386840F40030386004E00198022106F0CB
:1033D00001FC044674B126462888C043C0042BD49F
:1033E000E86DB0F5005F20D00DDCA0B1B0F5805FD6
:1033F0000FD115E0EA6CDBF8001021F03001114329
:10340000CBF80010E8E7B0F5405F13D0B0F5804F7F
:1034100010D001240FE0386840F40030386009E033
:103420000198002106F0D6FB03E00098002106F089
:1034300061FC04468CB126462888C043800429D408
:10344000286EB0F5403F23D010DC08B3B0F5803FC4
:1034500014D0B0F5003F0FD115E0EA6DDAF8001096
:1034600021F4E0411143CAF80010E5E7B0F5802FE0
:103470000ED0B0F5A02F0BD001240AE00198012155
:1034800006F0A8FB03E00098012106F033FC044697
:1034900094B126462888C04340042AD4D5F8AC000D
:1034A000B0F1405F23D010DC08B3B0F1805F14D0DE
:1034B000B0F1005F0FD115E02A6EDAF8001021F4A8
:1034C000E0211143CAF80010E4E7B0F1804F0ED0BC
:1034D000B0F1A04F0BD001240AE00198012106F0C1
:1034E00079FB03E00098012106F004FC044674B166
:1034F00026462888C04300041FD4E86ED8B1B0F136
:10350000805F0ED0B0F1005F10D0012414E0D5F838
:10351000AC20D8F8001021F0E0411143C8F80010A9
:10352000E7E7386840F40030386004E00198012192
:1035300006F050FB044674B126462868C043C0011B
:103540001ED4A86CD0B101280ED0022811D00328B7
:1035500014D0012413E0EA6EDAF8001021F0405193
:103560001143CAF80010E8E7386840F400303860CA
:1035700004E00198022106F02DFB04466CB12646BA
:103580002868C043400255D41F48016841F4807147
:103590000160FFF7BBFB81460EE0AA6CDBF8001070
:1035A00021F003011143CBF80010E9E7FFF7AEFB70
:1035B000A0EB090064283BD813480068C005F5D586
:1035C000BCBBDFF84090B5F8B01009F14409D9F858
:1035D000000001F4407100F44070884211D0D9F825
:1035E0000010D9F8002021F4407142F48032C9F86B
:1035F0000020D9F8002022F48032C9F80020C9F850
:10360000001003E02C44025800480258D5F8B000DE
:10361000B0F5807F19D1FFF779FB029011E000BF70
:10362000FFF774FB0299411A41F28830814208D9B0
:10363000032426462878DFF81494C043C00721D01D
:103640003CE0D9F800008007EAD5D5F8B010C1F306
:1036500001200328FE480DD0016821F47C5101604F
:10366000B5F8B020D9F80010C2F30B021143C9F825
:103670000010DFE7F74A036802EA111223F47C51D5
:103680001143ECE7A86F182816D005DCA0B1082874
:1036900008D0102804D10AE020280DD028280BD00B
:1036A00001240AE00198012106F094FA03E0009851
:1036B000012106F01FFB044664B126462878C0436A
:1036C00080071ED4686F062819D2DFE800F0160CB8
:1036D00011161616AA6FD9F8001021F038011143FF
:1036E000C9F80010EAE70198012106F073FA03E037
:1036F0000098012106F0FEFA04467CB100E00124A6
:1037000026462878C04340071FD4D5F890000628E5
:1037100019D2DFE800F0160C111616166A6FD9F8E8
:10372000001021F007011143C9F80010E9E70198E2
:10373000012106F04FFA03E00098012106F0DAFAC1
:103740000446A4B100E0012426462878C043800640
:103750002BD4D5F88C00B0F1405F24D011DC10B32D
:10376000B0F1805F15D0B0F1005F10D116E0D5F850
:103770009020D8F8001021F007011143C8F800107C
:10378000E3E7B0F1804F0ED0B0F1A04F0BD0012491
:103790000AE00198002106F01DFA03E000980221DA
:1037A00006F0A8FA044694B126462878C04340069D
:1037B0002BD4D5F89800B0F5406F24D011DC10B3AD
:1037C000B0F5806F15D0B0F5006F10D116E0D5F8C8
:1037D0008C20D9F8001021F0E0411143C9F8001005
:1037E000E3E7B0F5805F0ED0B0F5A05F0BD0012409
:1037F0000AE00198002106F0EDF903E000980221AB
:1038000006F078FA044694B126462878C0430006AC
:103810002BD4D5F89C00B0F5C04F24D011DC10B3E8
:10382000B0F5005F15D0B0F5804F10D116E0D5F897
:103830009820D8F8001021F4E0511143C8F8001086
:10384000E3E7B0F5004F0ED0B0F5204F0BD00124C8
:103850000AE00198002106F0BDF903E0009802217A
:1038600006F048FA044654B126462878C0430007BB
:103870001ED4D5F88000B0F5805F0AD00FE0D5F8EF
:103880009C20D8F8001021F460411143C8F80010C2
:10389000EBE70098022106F02DFA00B10126D5F8D9
:1038A0008020D9F8001021F440511143C9F80010CC
:1038B0002878C043C00613D4D5F89400B0F5807FB3
:1038C00005D10098022106F015FA00B10126D5F8BD
:1038D0009420D8F8001021F440711143C8F800106A
:1038E0002868C043000316D4D5F8A00038B1B0F55D
:1038F000803F09D0B0F5003F0BD001240AE00198C9
:10390000002106F067F903E00098022106F0F2F9C1
:1039100004468CB126462868C043400322D4D5F81B
:103920008400B0F5801F11D0B0F5001F13D0B0F5A2
:10393000401F15D0012414E0D5F8A020D8F80010BD
:1039400021F440311143C8F80010E4E7386840F42E
:103950000030386004E00098012106F0CBF90446FD
:103960005CB126462868C043C0031CD4286D70B1E2
:10397000B0F5803F10D0012414E0D5F88420D9F8A8
:10398000001021F440111143C9F80010EAE738682B
:1039900040F40030386004E00198022106F01AF982
:1039A0000446DCB126462868C043800005D4009850
:1039B000022106F09FF900B101262868C043800368
:1039C0001BD4E86FB8B1B0F5807F10D0B0F5007FA0
:1039D00011D0B0F5407F0ED001240DE02A6DDBF848
:1039E000001021F480311143CBF80010DBE7386878
:1039F00040F4003038607CB326462868C043C002DB
:103A000007D42A6FDAF8001021F000411143CAF8F8
:103A100000102868C043800207D4AA6EDAF80010AC
:103A200021F080711143CAF800102868C04340009B
:103A300009D40748016821F4004101600168D5F804
:103A4000B420114301602868C04306E05444025882
:103A500010440258CFFFFF001DE007D46A6DDBF869
:103A6000001021F040511143CBF800102868C043EA
:103A7000000208D4D5F88820D9F8001021F44001BC
:103A80001143C9F8001028790024C04300F0010058
:103A9000204309D00EE0EA6FD9F8001021F44071FC
:103AA0001143C9F80010A8E70198002106F092F828
:103AB00000B106462879C04300F00200204305D13A
:103AC0000198012106F086F800B106462879C04326
:103AD00000F00400204305D10198022106F07AF895
:103AE00000B106462879C04300F00800204305D104
:103AF0000098002106F0FEF800B106462879C04380
:103B000000F01000204305D10098012106F0F2F8E2
:103B100000B106462879C04300F02000044304D1D8
:103B20000098022106F0E6F800B916B10120BDE8C0
:103B3000FE8F0020FBE700002DE9F05F04000F4638
:103B40007ED0DFF83882D8F8000000F00F00B842CD
:103B50000CD2D8F8001021F00F013943C8F800103A
:103B6000D8F8000000F00F00B84269D12078844DE9
:103B700040070AD52069296801F07001884204D9FC
:103B8000296821F070010143296020787C4E361DA0
:103B900000070AD56069316801F07001884204D9D4
:103BA000316821F07001014331602078C0060AD5E8
:103BB000A069316801F4E061884204D9316821F4D8
:103BC000E061014331602078DFF8B4B180060BF189
:103BD000080B0CD5E1695846DBF8002002F07002B2
:103BE000914204D9026822F070020A4302602078F0
:103BF00080070AD5E068296801F00F01884204D9DE
:103C0000296821F00F01014329602078C0073ED0C8
:103C10005B49A2682868183920F470601043286056
:103C20006068022818D0032819D00968012819D023
:103C3000490700294ADADFF848A1AAF1080A00E09A
:103C400044E0DAF8002022F007020243CAF800201C
:103C5000FFF75CF8814612E009688903E9E7096823
:103C60008901E6E7C905E4E7FFF750F8A0EB090191
:103C700041F28830814202D90320BDE8F09F61689B
:103C8000DAF8000000F03800B0EBC10FECD120787A
:103C900080070AD5E068296801F00F01884204D244
:103CA000296821F00F0101432960D8F8001040462F
:103CB00001F00F01B9420BD9016821F00F0139431E
:103CC0000160006800F00F00B84201D00120D4E785
:103CD000207840070AD52069296801F070018842E0
:103CE00004D2296821F0700101432960207800077F
:103CF0000AD56069316801F07001884204D23168E8
:103D000021F07001014331602078C0060AD5A06916
:103D1000316801F4E061884204D2316821F4E06145
:103D200001433160207880060CD5E1695846DBF804
:103D3000002002F07002914204D2026822F0700268
:103D40000A43026000F06CF80E492A682B68C2F33F
:103D5000032203F00F038A5CC95C02F01F0201F02A
:103D60001F01D040084A20FA01F11160074908609C
:103D700007480068BDE8F05FFFF704B80020005274
:103D80001844025840E800081800002414000024D9
:103D90000C00002430B500F043F80B4A0B490C4BE3
:103DA00015681468C5F3032204F00F048A5C095DEA
:103DB00002F01F0201F01F01D040064A20FA01F173
:103DC00019601060084630BD1844025840E80008E9
:103DD000180000241400002400B5FFF7DBFF05499C
:103DE0000968054AC1F30211515C01F01F01C84086
:103DF00000BD00001C44025840E8000800B5FFF771
:103E0000C9FF05490968054AC1F30221515C01F067
:103E10001F01C84000BD00001C44025840E80008D3
:103E2000454970B545480968434B103B11F03802CD
:103E300008D00111082A03D0102A0BD0182A0BD061
:103E4000084670BD19688906FBD51968C1F3C10120
:103E5000C84070BD3A4870BD3749374D18310C1D08
:103E600024350A68096826682D6802F0030406F004
:103E70000102C1F30511C5F3CC0515FB02F200EEFA
:103E8000102AB8EE400AE9B32F4ADFED2E0AB7EE4A
:103E9000001A6CB1DFED2D1A012C01D0022C43D099
:103EA00002EE101A1068F8EE422A81EEA22A1EE0F5
:103EB0001C68A40611D51B6801EE901A1168C3F3A3
:103EC000C103F8EE612AD84001EE900AC1F3080060
:103ED000F8EE611A81EEA22A0BE001EE901ADFEDF6
:103EE0001C2A00BFF8EE611A106882EEA12AC0F306
:103EF000080001EE900AF8EE611A40EE201A31EE49
:103F0000810A00E015E022EE000A1068C0F34620A6
:103F1000401C00EE900AF8EE600A80EE201ABCEE1B
:103F2000C10A10EE100A70BD01EE901ADFED092AE9
:103F3000D8E7002070BD0000104402580090D00364
:103F400040787D0100000039304402580024744A52
:103F50000024744C20BCBE4B2DE9F05F04007DD0E2
:103F6000FF4F2078FE4D1837DFF8F483103DC0076F
:103F700048D0D8F80000396800F03800102815D073
:103F8000182803D101F0030002280FD06068B0F5B3
:103F9000803F12D010B1B0F5A02F18D0286820F4BF
:103FA00080302860286820F4802009E02868800399
:103FB00028D560680028D2D024E0286840F48030FA
:103FC0002860606888B1FEF7A1FE064609E028680F
:103FD00040F480202860F0E7FEF798FE801B6428FC
:103FE0007ED828688003F7D50CE0FEF78FFE0646E2
:103FF00005E000BFFEF78AFE801B6428F0D8286821
:104000008003F7D42078800756D5D8F80000DFF871
:104010005093396810F03800A9F10C090ED0182817
:1040200001D188070AD0E068A8B3296821F01901F6
:1040300001432960FEF76AFE064628E0286840072B
:1040400002D5E06800288AD0E168286820F01900CD
:1040500008432860FEF75AFE064606E0D2E000BF9D
:10406000FEF754FE801B0228BAD828684007F7D50F
:10407000217CD9F8002022F0FE4242EA0161C9F811
:10408000001019E0FEF742FE801B0228A8D828681D
:104090004007F7D5ECE7FFE7286820F0010028602B
:1040A000FEF734FE064604E0FEF730FE801B0228D1
:1040B00096D828684007F7D42078C00646D5D8F8A7
:1040C0000000DFF89C92396800F03800A9F104097B
:1040D000082812D0182805D101F00300012800E0BB
:1040E000CEE00AD0E0690028286820D040F08000A7
:1040F0002860FEF70BFE064615E02868C00502D5CD
:10410000E06980287ED194F82010D9F8002022F0B0
:104110007C5242EA0161C9F8001017E0FEF7F6FD93
:10412000801B0228A0D82868C005F7D5EBE720F04F
:1041300080002860FEF7EAFD064604E0FEF7E6FD93
:10414000801B022890D82868C005F7D42078000783
:1041500029D583486169643000298146016811D0FE
:1041600041F001010160FEF7D1FD064605E000BF08
:10417000FEF7CCFD801B022888D8D9F80000800704
:10418000F6D510E021F001010160FEF7BFFD064603
:1041900005E000BFFEF7BAFD801B022870D8D9F8F1
:1041A00000008007F6D42078800623D5A069002877
:1041B000286810D040F480502860FEF7A7FD06461E
:1041C00005E000BFFEF7A2FD801B022858D8286832
:1041D0008004F7D50EE020F480502860FEF796FDAD
:1041E000064604E0FEF792FD801B022848D82868A6
:1041F0008004F7D42078400751D5DFF86891D9F8CA
:10420000001000E015E141F48071C9F80010FEF7DC
:104210007DFD064605E000BFFEF778FD801B6428A3
:104220002ED8D9F80000C005F6D54D4EA0686036EE
:1042300001280AD008B1052813D0306820F0010009
:104240003060306820F0040002E0306840F0010087
:104250003060A06841F2883A98B1FEF757FD814678
:104260000AE0306840F004003060EEE7FEF74EFDF3
:10427000A0EB0901514503D830688007F6D50EE060
:1042800072E0FEF743FD814606E000BFFEF73EFD0B
:10429000A0EB0901514567D830688007F6D4606A01
:1042A00000287CD0DFF8B8A0D8F800100AF1200A66
:1042B0004FF6F87B0AF10408C1F3C2010329AAF101
:1042C00004096DD00228286820F08070286003D08F
:1042D000FEF71CFD044681E0FEF718FD064604E0EB
:1042E000FEF714FD801B022875D828688001F7D4DA
:1042F000E26A40F2F331386854F8283F884340EAD4
:10430000021018433860217B4FF4FE0C22894FF0D5
:10431000FE47208A4902267D521E401EA1F50071EB
:1043200089B2C2F308021143761E0CEA0040014331
:10433000484607EA06621143CAF80010D9F800108F
:1043400021F00101C9F80010D8F80030266A23EAEC
:104350000B0343EAC601C8F80010D9F8001004E0C6
:10436000104402580048025835E0A26921F00C01BF
:104370001143C9F800100168E26921F002011143FC
:104380000160016841F480310160016841F400314D
:104390000160016841F480210160016801E06CE086
:1043A00020E041F001010160286840F08070286041
:1043B000FEF7ACFC044604E0FEF7A8FC001B022854
:1043C00009D828688001F7D557E000BFFEF79EFCAA
:1043D000001B022802D90320BDE8F09F2868800155
:1043E000F4D44AE039680128DAF8000021D0A26A42
:1043F00001F0030393421CD1E26AC1F305118A4222
:1044000017D1216BC0F30802491E8A4211D1616B9A
:10441000C0F34622491E91420BD1A16BC0F3064264
:10442000491E914205D1E16BC0F30660491E8142ED
:1044300001D00120D0E7A16C4646D8F80000C0F3B7
:10444000CC00814219D0D9F800004D4620F001007F
:10445000C9F80000FEF75AFC4FEA0007FEF756FCC9
:10446000B842FBD0A26C306820EA0B0040EAC200E0
:104470003060286840F0010028600020ACE7401E52
:10448000B0F1807F10B501D3012010BD4FF0E024C2
:1044900060610F21601706F052FA0020A061072129
:1044A000216110BD7047704770470000F0B590F86B
:1044B0003C20012A41D0224E012480F83C400222B7
:1044C00080F83D2002681F4D5368B242D2F808C000
:1044D00001D0AA4203D14F6823F470033B430F6815
:1044E00023F070031F4357600268B24219D0B2F143
:1044F000804F16D0144B9A4213D0144B9A4210D0CE
:10450000134B9A420DD0AA420BD0124B9A4208D0BC
:10451000114B9A4205D0114B9A4202D0104B9A424D
:1045200004D189682CF0800319439160002180F840
:104530003D4080F83C100846F0BD0220F0BD000070
:104540000000014000040140000400400008004059
:10455000000C0040001800400040014000E0004016
:1045600000E4004010B5040003D094F83D0010B101
:1045700007E0012010BD002084F83C00204600F038
:1045800023F8022084F83D002068211D05F024FD59
:10459000012084F8480084F83E0084F83F0084F845
:1045A000400084F8410084F8420084F8430084F815
:1045B000440084F8450084F8460084F8470084F8F5
:1045C0003D00002010BD000008B500680B4988427E
:1045D00012D10B48016841F010010160006800220F
:1045E000114600F0100000903620FEF755FCBDE8A3
:1045F00008403620FEF742BC08BD00000010004015
:10460000E844025890F83D10012901D0012070477C
:104610001A4A022180F83D100168CB6843F001037B
:10462000CB60006890421AD0B0F1804F17D0144987
:10463000884214D01349884211D0134988420ED0C1
:10464000124988420BD01249884208D01149884249
:1046500005D01149884202D01049884207D18168AB
:104660000F4A1140062906D0B1F5803F03D00168FA
:1046700041F001010160002070470000000001408E
:104680000004004000080040000C0040000401400D
:10469000001800400040014000E0004000E40040FD
:1046A00007000100704770B50446006800250169E5
:1046B000C943890715D4C168C943890711D4EA1EC3
:1046C000026101212177206880698007204602D09D
:1046D000FFF7E8FF04E000F0A7F8204600F0A5F897
:1046E000257720680169C943490717D4C168C943C0
:1046F000490713D402216FF0040202612177206878
:10470000806910F4407F204602D0FFF7CBFF04E021
:1047100000F08AF8204600F088F8257720680169C3
:10472000C943090716D4C168C943090712D4042133
:104730006FF00802026121772068C0698007204677
:1047400002D0FFF7AFFF04E000F06EF8204600F063
:104750006CF8257720680169C943C90617D4C16878
:10476000C943C90613D408216FF0100202612177F2
:104770002068C06910F4407F204602D0FFF792FF06
:1047800004E000F051F8204600F04FF8257720684B
:104790000169C943C90708D1C168C943C90704D120
:1047A000891E0161204600F041F820680169C94373
:1047B000090609D4C168C943090605D46FF0800110
:1047C00001612046FFF76FFE20680169C943C905F2
:1047D00009D4C168C943090605D46FF48071016129
:1047E0002046FFF75FFE20680169C943490609D4E6
:1047F000C168C943490605D46FF0400101612046F4
:1048000000F03EF820680169C94389060BD4C168ED
:10481000C943890607D46FF0200101612046BDE835
:104820007040FFF741BE70BD7047704710B500681B
:104830000E49884218D10E480168491C01600D4993
:104840000D4808F081F808F0FFFA07F0A3FA08F025
:10485000BFFF09F0C7F900F06DFF01220748BDE86E
:104860001040D103FEF74CBA10BD0000001000400C
:104870009C040024300B0024C4040024000C0258C3
:10488000704730B590F88410012918D0012280F8C3
:1048900084202421C0F888100022202401680B689D
:1048A0000D6823F0005325F001050D604266016894
:1048B0000B60C0F8884080F88420104630BD02208C
:1048C00030BD7047704770B5044690F884000128E9
:1048D0001DD0012284F884202420C4F88800206898
:1048E0000568026822F0010202602068826822F0F6
:1048F00060620A438260204605F0DAFB22682021CC
:1049000000201560C4F8881084F8840070BD02206F
:1049100070BD70B5044690F8840001281DD00122B6
:1049200084F884202420C4F8880020680568026880
:1049300022F0010202602068826822F060420A438D
:104940008260204605F0B4FB22682021002015601B
:10495000C4F8881084F8840070BD022070BD7047D0
:10496000704770472DE9F04107680025044640F67E
:104970000F030226F8693968BA6818420AD183061B
:104980007ED501F0200302F0805C53EA0C0377D05F
:10499000616F74E1CF4BDFF840C3134001EA0C0CA8
:1049A00053EA0C0C6CD05FEAC07C0CD05FEAC15CAF
:1049B00009D54FF0010CC7F820C0D4F8907047F02B
:1049C0000107C4F89070870709D5D70707D0276873
:1049D0003E62D4F8906046F00406C4F89060460742
:1049E0000AD5D60708D0276804263E62D4F890601E
:1049F00046F00206C4F8906006070CD501F02006C8
:104A00001E4308D0266808233362D4F8903043F060
:104A10000803C4F8903003050BD54B0109D526686F
:104A20004FF400633362D4F8903043F02003C4F8AD
:104A30009030D4F89030002B3DD0800609D501F09D
:104A4000200002F08051084303D0616F09B1204675
:104A500088472168D4F890008968490602D410F08C
:104A6000280F2AD0204605F081FC20688068400687
:104A70001ED52068083050E8001F21F0400100E0FA
:104A800021E040E80012002AF3D1D4F8800078B188
:104A900092490165D4F88000FCF7A0FA00280AD0FA
:104AA000D4F88000016D00E02046BDE8F0410847E1
:104AB0002046FFF756FFBDE8F0812046FFF751FF83
:104AC000C4F89050F7E7D4F86CC02023BCF1010F74
:104AD0007ED15FEAC06C7BD55FEAC16C78D51020CF
:104AE000386220688068400673D5D4F880107C4A0C
:104AF0000868904234D07A4A1832904230D0784ACE
:104B0000303290422CD0764A4832904228D0744AB3
:104B10006032904224D0724A7832904220D0704A5B
:104B2000903290421CD06E4AA832904218D06D4A02
:104B3000904215D06B4A1832904211D0694A3032F7
:104B400090420DD0674A4832904209D0654A60329F
:104B5000904205D0634A7832904201D0614A903247
:104B600040680004000CA6D0B4F85C208242A2D9B0
:104B7000A4F85E00C869B0F5807F2FD0216851E8A5
:104B8000000F20F4807041E80002002AF6D120686E
:104B9000083050E8001F21F0010140E80012002A0F
:104BA000F5D12068083050E8001F21F0400140E8AE
:104BB0000012002AF5D1C4F88C30E566216851E86E
:104BC000000F20F0100041E80002002AF6D101E0B9
:104BD00040E00BE0D4F88000FCF750F82667B4F80A
:104BE0005C00B4F85E10401A81B22FE0B4F85C00AB
:104BF000B4F85E10B4F85E20401A81B2002AB2D038
:104C00000029B0D0226852E8000F20F4907042E8EA
:104C10000007002FF6D1344F206800F1080050E85B
:104C2000002F02EA070240E8002CBCF1000FF3D18C
:104C3000C4F88C30E5666567206850E8002F22F0E4
:104C4000100240E80023002BF6D126672046FFF72C
:104C500038FE30E7C60209D5560207D54FF480105A
:104C600038622046BDE8F041FFF77ABE06060AD555
:104C700001F0800602F40002164304D0A16F00295F
:104C80007FF412AF17E7420611D54A060FD520462A
:104C9000026852E8001F21F0400142E80014002C95
:104CA000F6D1C0F88830856700F055F903E70202B5
:104CB00006D54A0004D52046BDE8F041FFF74FBEB7
:104CC000C001C6D50029C4DA2046BDE8F041FFF78F
:104CD000F9BD0000010000102001000467A20008D7
:104CE0001000024010040240FEFFFFEF10B5040068
:104CF00003D0D4F8880010B107E0012010BD0020D7
:104D000084F88400204600F027F82420C4F88800A6
:104D10002068016821F001010160204605F068FB70
:104D20000128EBD0A06A10B1204605F0E3F9206815
:104D3000416821F4904141602068816821F02A0196
:104D400081602068016841F0010101602046BDE8F2
:104D5000104005F033BA00002DE9F043B5B0074626
:104D600014212EA8FBF71AFBB8216846FBF716FBA7
:104D7000484E002448494FF002083868083E454D27
:104D80004FF00709884227D100201D940221CDE968
:104D900000106846FEF732FA08B1FBF71CFE2868DF
:104DA00040F400302860286800F400303390306808
:104DB00040F008003060306860222E922EA900F08A
:104DC0000800CDE92F843194CDE932903348FDF7C6
:104DD00089FE35B0BDE8F08331498842F9D1002021
:104DE0001D940221CDE900106846FEF707FA08B1CC
:104DF000FBF7F1FD286840F480202860286800F463
:104E000080203390306840F00200306030684FF40A
:104E100040622E922EA900F00200CDE92F84319439
:104E2000CDE932901F48FDF75DFE1F4E2D221F4930
:104E30004FF48068304686E81600C6E9034874617E
:104E4000B461F46134627462FCF77EFD08B1FBF773
:104E5000C2FD154D2E22154940237835C7F88060D4
:104E60001831B763284685E81E016C61AC61EC61BE
:104E70002C626C62FCF768FD08B1FBF7ACFDFD67C6
:104E800000220221AF632720FEF706F82720FDF756
:104E9000F5FF9EE7E844025800440040000C025829
:104EA0000048004000040258180800241000024086
:104EB00030B4D0F88C30202B02D0022030BC7047A8
:104EC000A9B1A2B10B4D00240368C466AB420BD05C
:104ED0005B681B0208D5046854E8003F43F0806318
:104EE00044E80035002DF6D130BC05F06FBC012040
:104EF000E4E70000000C005810B500681149884232
:104F00001FD11148114A0178127809B9A52A11D187
:104F10000E4B4C1CE4B2103B102C5A54047009D1B7
:104F2000002101701878A52804D1D87B5A2801D116
:104F300004F070FFBDE81040044901220448FFF767
:104F4000B7BF10BD00480040000000243804002412
:104F50008407002470477047FEE700000D4808B53D
:104F6000016841F00101016000680022114600F073
:104F7000010000900B20FDF78FFF0B20FDF77EFF57
:104F800000220C201146FDF787FFBDE808400C20E9
:104F9000FDF774BFD8440258184800212DE9F041AC
:104FA000154F1D258160012407600326C1600A2377
:104FB00001740422417484744661C0E90635C0E975
:104FC0000836C0E90A358463C0E90C31C0E90F1224
:104FD000C0E91121C0E91321C0E91521C0E9171268
:104FE000C0E91912FDF738FB002803D0BDE8F041F5
:104FF000FBF7F1BCBDE8F08100A00040C404002430
:10500000184800212DE9F041154F1D25816001242C
:1050100007600326C1600A2301740422417484746A
:105020004661C0E90635C0E90836C0E90A3584633F
:10503000C0E90C31C0E90F12C0E91121C0E9132108
:10504000C0E91521C0E91712C0E91912FDF704FBE8
:10505000002803D0BDE8F041FBF7BDBCBDE8F081FE
:1050600000A4004064050024184800212DE9F04107
:10507000154F1D258160012407600326C1600A23A6
:1050800001740422417484744661C0E90635C0E9A4
:105090000836C0E90A358463C0E90C31C0E90F1253
:1050A000C0E91121C0E91321C0E91521C0E9171297
:1050B000C0E91912FDF7D0FA002803D0BDE8F0418D
:1050C000FBF789BCBDE8F08100D400400406002451
:1050D00010B586B014216846FBF760F921480168D5
:1050E00041F004010160016801F0040105910168CB
:1050F00041F080010160016801F0800105910168C3
:1051000041F002010160016801F0020105910168AE
:1051100041F040010160016801F040010591016822
:1051200041F001010160016801F001010591016890
:1051300041F008010160006800220B4C802100F062
:10514000080005902046FDF7DBFD012100228020AC
:10515000CDE90001CDE9021269462046FDF7C2FC07
:1051600006B010BDE0440258001802583EB5104881
:1051700000244FF47A710D4BF022009401940294B4
:10518000C0E902418461C0E90032FFF7EBF908B1E0
:10519000FBF721FC0648694600940294FFF786F964
:1051A000002801D0FBF717FC3EBD000000100040B6
:1051B000A40600241848002110B5164C0C2242F217
:1051C00010730460C0E90131C160C0E9041281615B
:1051D000C161016241628162FFF788FD08B1FBF79E
:1051E000FAFB0D480021FFF794FB08B1FBF7F3FB36
:1051F00009480021FFF767FB08B1FBF7ECFB064805
:10520000FFF73FFB002803D0BDE81040FBF7E3BBEE
:1052100010BD000000440040F006002418480021A2
:1052200010B5164C0C224FF4E1330460C0E9013193
:10523000C160C0E904128161C161016241628162A1
:10524000FFF754FD08B1FBF7C6FB0D480021FFF73F
:1052500060FB08B1FBF7BFFB09480021FFF733FBF8
:1052600008B1FBF7B8FB0648FFF70BFB002803D09B
:10527000BDE81040FBF7AFBB10BD00000048004088
:1052800084070024FEE7FEE7B7EEC00B5B4A012867
:10529000F7EEC10BB7EEC21B0BD0022842D0032899
:1052A00015D1082913D2DFE801F012777E858C939F
:1052B0009AA108290BD2DFE801F00A040B12192089
:1052C000272E82ED2A0AC2ED150A82ED001A7047D8
:1052D00082ED2B0AC2ED160A82ED011A704782EDAB
:1052E0002C0AC2ED170A82ED021A704782ED2D0AD0
:1052F000C2ED180A82ED031A704782ED2E0AC2ED44
:10530000190A82ED041A704782ED2F0AC2ED1A0ABB
:1053100082ED051A704782ED300AC2ED1B0A82ED5C
:10532000061A70470829FCD2DFE801F004050C13C7
:105330001A21282FF5E782ED310AC2ED1C0A82ED11
:10534000071A704782ED320AC2ED1D0A82ED081A73
:10535000704782ED330AC2ED1E0A82ED091A7047CA
:1053600082ED340AC2ED1F0A82ED0A1A704782EDFF
:10537000350AC2ED200A82ED0B1A704782ED360A1B
:10538000C2ED210A82ED0C1A704782ED370AC2ED98
:10539000220A82ED0D1A704782ED380AC2ED230A07
:1053A00082ED0E1A704782ED390AC2ED240A82EDB1
:1053B0000F1A704782ED3A0AC2ED250A82ED101AE3
:1053C000704782ED3B0AC2ED260A82ED111A704742
:1053D00082ED3C0AC2ED270A82ED121A704782ED77
:1053E0003D0AC2ED280A82ED131A704782ED3E0A8B
:1053F000C2ED290A82ED141A704700003000002423
:10540000B7EEC00B5B4A0128F7EEC10BB7EEC21B2B
:105410000BD0022842D0032815D1082913D2DFE887
:1054200001F012777E858C939AA108290BD2DFE8D0
:1054300001F00A040B121920272E82ED690AC2ED31
:10544000540A82ED3F1A704782ED6A0AC2ED550A8E
:1054500082ED401A704782ED6B0AC2ED560A82ED6A
:10546000411A704782ED6C0AC2ED570A82ED421A6A
:10547000704782ED6D0AC2ED580A82ED431A7047FB
:1054800082ED6E0AC2ED590A82ED441A704782ED30
:105490006F0AC2ED5A0A82ED451A70470829FCD2FC
:1054A000DFE801F004050C131A21282FF5E782ED3F
:1054B000700AC2ED5B0A82ED461A704782ED710AEE
:1054C000C2ED5C0A82ED471A704782ED720AC2EDA6
:1054D0005D0A82ED481A704782ED730AC2ED5E0ADA
:1054E00082ED491A704782ED740AC2ED5F0A82EDBF
:1054F0004A1A704782ED750AC2ED600A82ED4B1AB6
:10550000704782ED760AC2ED610A82ED4C1A70474F
:1055100082ED770AC2ED620A82ED4D1A704782ED84
:10552000780AC2ED630A82ED4E1A704782ED790A5D
:10553000C2ED640A82ED4F1A704782ED7A0AC2ED1D
:10554000650A82ED501A704782ED7B0AC2ED660A49
:1055500082ED511A704782ED7C0AC2ED670A82ED36
:10556000521A704782ED7D0AC2ED680A82ED531A25
:1055700070470000300000246C49022081F8D202FC
:1055800081F8D30281F8D00281F8D1029FED680A38
:105590000A4682ED1F0A81F8CE0281F8CF0281F817
:1055A000CC0281F8CD0282ED1E0A81F8CA0281F890
:1055B000CB0281F8C80281F8C90282ED1D0A81F888
:1055C000C60281F8C70281F8C40281F8C50282EDE3
:1055D0001C0A81F8C20281F8C30281F8C00281F876
:1055E000C10282ED1B0A81F8BE0281F8BF0281F878
:1055F000BC0281F8BD0282ED1A0A81F8BA0281F874
:10560000BB0281F8B80281F8B90282ED190A81F86B
:10561000B60281F8B70281F8B40281F8B50282EDD2
:10562000180A81F8B20281F8B30281F8B00281F859
:10563000B10282ED170A81F8AE0281F8AF0281F85B
:10564000AC0281F8AD0282ED160A81F8AA0281F857
:10565000AB0281F8A80281F8A90282ED150A81F84F
:10566000A60281F8A70281F8A40281F8A50282EDC2
:10567000140A81F8A20281F8A30281F8A00281F83D
:10568000A10282ED130A81F89E0281F89F0281F83F
:105690009C0281F89D0282ED120A81F89A0281F83B
:1056A0009B0281F8980281F8990282ED110A81F833
:1056B000960281F8970281F8940281F8950282EDB2
:1056C000100A81F8920281F8930281F8900281F821
:1056D000910282ED0F0A81F88E0281F88F0281F823
:1056E0008C0281F88D0282ED0E0A81F88A0281F81F
:1056F0008B0281F8880281F8890282ED0D0A81F817
:10570000860281F8870281F8840281F8850282EDA1
:105710000C0A81F8820281F8830281F8800281F804
:105720008102084680ED0B0A7047000050170024E4
:10573000000000002DE9F05FFF4CDFF800B404F535
:1057400035702DED0C8B9FEDFEAA4FF08D49DFEDEE
:10575000FD8ADFF8F4A39FEDFD9A90ED060A94ED23
:10576000211ADBED931AD4ED200A9BED952A11EE58
:10577000801A00F5147542EE000A61EE0ABA30EEA6
:10578000AB0A10EE101A494502DDC5ED038A08E0A8
:1057900010EE101A514502D985ED039A01E085ED0E
:1057A000030AEB48DFEDEBAA9FEDEB8A01464FF0D1
:1057B000FF36D0ED011AD1ED020A90ED00BA90ED5E
:1057C000070A00274FF00208DFEDE49AFDEEE00A39
:1057D00010EE900A012802D0022876D189E0D6483E
:1057E00071EECB1AB5EEC00AF1EE10FA90F9D202C2
:1057F00001DD002806DDB5EEC00AF1EE10FA03D88F
:10580000012801D184ED9E8AB5EEC00ACA495846E6
:10581000F1EE10FA94ED9E1A9BED962A91F9D312AF
:10582000F0EE410A52EE210A60EE8A2A01DD0029DB
:1058300006DDB5EEC00AF1EE10FA03D8012901D158
:1058400084ED9F8A94ED9F2A90EDC03AF0EE420AD3
:1058500043EE210A70EEA20A10EE901A494502DDCD
:10586000C5ED008A08E010EE901A514502D985ED89
:10587000009A01E0C5ED000AB5EEC00AF1EE10FA9B
:1058800002EEA91A84ED9E1A05DD012184F8D212D8
:1058900084F8D31224E0B5EEC00AF1EE10FA02D279
:1058A00084F8D26209E0B5EEC00AF1EE10FA02D136
:1058B00084F8D27201E084F8D282B5EEC00AF1EE2B
:1058C00010FA03D284F8D3620AE0FEE0B5EEC00A13
:1058D000F1EE10FA02D184F8D37201E084F8D38299
:1058E0009BEDAB0A20EE210A00EE292A84ED9F2AC7
:1058F000EBE097485A46DBED7E0A90ED031AD0EDB7
:10590000052AB0EE412A02EEAA2A31EEC2CAF0EE12
:10591000CC1AF4EEE10AF1EE10FA01DBB0EE48CA5F
:10592000F4EEE10AF1EE10FAD4ED9B0AD2ED001A82
:1059300051EE8C0A60EE8ACA19D2D4ED9A0AD2EDE1
:105940002A1A41EE8C0A70EEAC0A10EE901A494504
:1059500002DDF0EE680A05E010EE901A514501D91B
:10596000F0EE490AD2EDD51A11EEA0BA01E0B0EE80
:1059700048BA7149B5EEC00AF1EE10FA91F9D012A9
:1059800001DD002906DDB5EEC00AF1EE10FA03D8FC
:10599000012901D184ED9C8AB5EEC00A6649F1EE79
:1059A00010FAD4ED9C0AD2ED3F1A91F9D11251EEC2
:1059B0008B0A20EE8ADA01DD002906DDB5EEC00A89
:1059C000F1EE10FA03D8012901D184ED9D8A94EDFE
:1059D0009D0ADBED690A00EE8B0A30EE0D0A10EE2F
:1059E000101A494502DDC5ED018A08E010EE101AD3
:1059F000514502D985ED019A01E085ED010A54482F
:105A0000A0F52B7190ED040AA0F5167031EE400A56
:105A1000FAF776FD4E4894ED1F0A0146D0ED050ACF
:105A200030EE200A85ED020ADBED150A94ED9A0AA4
:105A300060EE8C0A00EEA90A84ED9A0A94ED9B0AA6
:105A40000CEEA90A84ED9B0A94ED9C0A0DEE290A3E
:105A500084ED9C0A91ED070AB5EEC00AF1EE10FA4A
:105A600005DD012184F8D01284F8D11223E0B5EECF
:105A7000C00AF1EE10FA02D284F8D06209E0B5EE65
:105A8000C00AF1EE10FA02D184F8D07201E084F875
:105A9000D082B5EEC00AF1EE10FA02D284F8D162DB
:105AA00009E0B5EEC00AF1EE10FA02D184F8D17225
:105AB00001E084F8D1829BED540A60EE0B0A94ED6C
:105AC0009D0A00EEA90A84ED9D0A214890ED0A0A7C
:105AD000BDEEC00A10EE100A012802D002287AD1C9
:105AE000A7E01B48D0ED090A90ED081A90ED0E0AC8
:105AF00070EEC11AB5EEC00AF1EE10FA03DD94F9AA
:105B0000CE02002808DDB5EEC00AF1EE10FA05D885
:105B100094F8CE02012801D184ED988AB5EEC00A2E
:105B20005846F1EE10FA94ED981A9BED972AF0EE94
:105B3000410A52EE210A13E05017002430000024DD
:105B40000000C84200008046000080C6000080C6F9
:105B5000241A002400F8FF45000000006F12833A69
:105B600060EE8A2A03DD94F9CF12002908DDB5EE34
:105B7000C00AF1EE10FA05D894F8CF12012901D12C
:105B800084ED998AD4ED990A90EDC13AB0EE602A7D
:105B900003EE212A32EE222A12EE101A494502DDC6
:105BA000C5ED048A08E012EE101A514502D985EDC0
:105BB000049A01E085ED042AB5EEC00AF1EE10FA70
:105BC00002EEA91A84ED981A06DD012184F8CE129E
:105BD00084F8CF1224E020E1B5EEC00AF1EE10FA0D
:105BE00002D284F8CE6209E0B5EEC00AF1EE10FAF6
:105BF00002D184F8CE7201E084F8CE82B5EEC00AFC
:105C0000F1EE10FA02D284F8CF6209E0B5EEC00AD4
:105C1000F1EE10FA02D184F8CF7201E084F8CF825D
:105C20009BEDAC0A20EE210A40EE290AC4ED990A48
:105C3000F3E0FE4859469BED7F1AD0ED0B0AD0EDFC
:105C40000D1A90ED092AB0EE600A01EEAA0A32EEB2
:105C500040BAB0EECB0AB4EEC01AF1EE10FA01DB96
:105C6000B0EE48BAB4EEC01AF1EE10FA94ED950A0F
:105C700091ED011A11EE0B0A60EE0ACA1BD294EDE7
:105C8000940A91ED2B1A01EE0B0A30EE2C0A10EE5D
:105C9000102A4A4502DDB0EE680A05E010EE102A2F
:105CA000524501D9B0EE490A90ED08CA91EDD61AD5
:105CB00011EE00CA01E0B0EE48CA90ED0E0AB5EE52
:105CC000C00AF1EE10FA03DD94F9CC22002A08DDB7
:105CD000B5EEC00AF1EE10FA05D894F8CC22012AEC
:105CE00001D184ED968AB5EEC00AF1EE10FA94ED7A
:105CF000961AD1ED401A11EE8C1A21EE0ADA03DD64
:105D000094F9CD22002A08DDB5EEC00AF1EE10FAB2
:105D100005D894F8CD22012A01D184ED978A94ED1B
:105D2000970A9BED6A1A01EE0C0A30EE0D0A10EE8E
:105D3000101A494502DDC5ED058A08E010EE101A7B
:105D4000514502D985ED059A01E085ED050AB74870
:105D5000A0F2AE2190ED0C0AA0F5177030EEC00A4B
:105D6000FAF7CEFBB14894ED1E0A0146D0ED0D0ABC
:105D700030EE200A85ED060ADBED160A94ED940A52
:105D800060EE8B0A00EEA90A84ED940A94ED950A60
:105D90000CEEA90A84ED950A94ED960A0DEE290AF7
:105DA00084ED960A91ED0E0AB5EEC00AF1EE10FAF6
:105DB00005DD012184F8CC1284F8CD1223E0B5EE84
:105DC000C00AF1EE10FA02D284F8CC6209E0B5EE16
:105DD000C00AF1EE10FA02D184F8CC7201E084F826
:105DE000CC82B5EEC00AF1EE10FA02D284F8CD6290
:105DF00009E0B5EEC00AF1EE10FA02D184F8CD72D6
:105E000001E084F8CD829BED550A60EE0C0A94ED1A
:105E1000970A00EEA90A84ED970A844890ED110ACA
:105E2000BDEEC00A10EE100A012802D0022875D17A
:105E300092E07E48D0ED100A90ED0F1A90ED150A11
:105E400030EEC12AB5EEC00AF1EE10FA03DD94F986
:105E5000CA02002808DDB5EEC00AF1EE10FA05D836
:105E600094F8CA02012801D184ED928AB5EEC00AE5
:105E70005946F1EE10FAD4ED921A9BED981AF0EE15
:105E8000610A51EE020A60EE8A2A03DD94F9CB0220
:105E9000002808DDB5EEC00AF1EE10FA05D894F836
:105EA000CB02012801D184ED938A94ED931A91EDF0
:105EB000C23AF0EE410A43EE020A70EEA20A10EE78
:105EC000900A484502DDC5ED078A08E010EE900A09
:105ED000504502D985ED079A01E0C5ED070AB5EEF8
:105EE000C00AF1EE10FA42EEA91AC4ED921A05DDCD
:105EF000012084F8CA0284F8CB0224E0B5EEC00A7F
:105F0000F1EE10FA02D284F8CA620AE0B5EEC00AD5
:105F1000F1EE10FA03D184F8CA7202E013E184F8BA
:105F2000CA82B5EEC00AF1EE10FA02D284F8CB6252
:105F300009E0B5EEC00AF1EE10FA02D184F8CB7296
:105F400001E084F8CB829BEDAD0A20EE020A00EE60
:105F5000291A84ED931AF6E0344859469BED801ACD
:105F6000D0ED120AD0ED141A90ED102AB0EE600AAE
:105F700001EEAA0A32EE40CAB0EECC0AB4EEC01A64
:105F8000F1EE10FA01DBB0EE48CAB4EEC01AF1EE41
:105F900010FA94ED8F0A91ED021A11EE0C0A60EEE0
:105FA0000ACA1BD294ED8E0A91ED2C1A01EE0C0A4E
:105FB00030EE2C0A10EE102A4A4502DDB0EE680AD7
:105FC00005E010EE102A524501D9B0EE490A90EDD5
:105FD0000FBA91EDD71A11EE00BA01E0B0EE48BA4F
:105FE00090ED150AB5EEC00AF1EE10FA03DD94F952
:105FF000C822002A08DDB5EEC00AF1EE10FA05D875
:1060000094F8C822012A01D184ED908AB5EEC00A25
:10601000F1EE10FA94ED901AD1ED411A11EE8B1AAF
:1060200021EE0ADA06DD94F9C92201E0241A0024DF
:10603000002A08DDB5EEC00AF1EE10FA05D894F892
:10604000C922012A01D184ED918A94ED910A9BED38
:106050006B1A01EE0B0A30EE0D0A10EE101A4945CC
:1060600002DDC5ED088A08E010EE101A514502D98C
:1060700085ED089A01E085ED080AFE48A0F52C712F
:1060800090ED130AA0F5187030EEC00AFAF738FA4E
:10609000F84894ED1D0A0146D0ED140A30EE200AAE
:1060A00085ED090ADBED170A94ED8E0A60EE8C0A85
:1060B00000EEA90A84ED8E0A94ED8F0A0CEEA90A6F
:1060C00084ED8F0A94ED900A0DEE290A84ED900A72
:1060D00091ED150AB5EEC00AF1EE10FA05DD0121C9
:1060E00084F8C81284F8C91223E0B5EEC00AF1EEB4
:1060F00010FA02D284F8C86209E0B5EEC00AF1EEE7
:1061000010FA02D184F8C87201E084F8C882B5EEB2
:10611000C00AF1EE10FA02D284F8C96209E0B5EEC5
:10612000C00AF1EE10FA02D184F8C97201E084F8D5
:10613000C9829BED560A60EE0B0A94ED910A00EEBF
:10614000A90A84ED910ACB4890ED180ABDEEC00A69
:1061500010EE100A012802D0022875D192E0C5483D
:10616000D0ED170A90ED161A90ED1C0A70EEC10AD8
:10617000B5EEC00AF1EE10FA03DD94F9C60200286C
:1061800008DDB5EEC00AF1EE10FA05D894F8C602A3
:10619000012801D184ED8C8AB5EEC00A5846F1EE93
:1061A00010FA94ED8C2ADBED991AB0EE421A11EE3A
:1061B000A01A61EE0A2A03DD94F9C712002908DD4E
:1061C000B5EEC00AF1EE10FA05D894F8C71201290D
:1061D00001D184ED8D8A94ED8D1A90EDC33AF0EEE5
:1061E000411A43EE201A71EEA21A11EE901A494597
:1061F00002DDC5ED0A8A08E011EE901A514502D978
:1062000085ED0A9A01E0C5ED0A1AB5EEC00AF1EE75
:1062100010FA02EEA92A84ED8C2A05DD012184F80A
:10622000C61284F8C71224E0B5EEC00AF1EE10FAE7
:1062300002D284F8C6620AE0B5EEC00AF1EE10FAA6
:1062400003D184F8C67202E00FE184F8C682B5EE8D
:10625000C00AF1EE10FA02D284F8C76209E0B5EE86
:10626000C00AF1EE10FA02D184F8C77201E084F896
:10627000C7829BEDAE0A20EE200A00EE291A84EDBB
:106280008D1AF2E07B4859469BED811AD0ED190A30
:10629000D0ED1B1A90ED172AB0EE600A01EEAA0AA3
:1062A00032EE40BAB0EECB0AB4EEC01AF1EE10FAFC
:1062B00001DBB0EE48BAB4EEC01AF1EE10FA94ED7C
:1062C000890A91ED031A11EE0B0A60EE0ACA1BD27D
:1062D00094ED880A91ED2D1A01EE0B0A30EE2C0A8E
:1062E00010EE102A4A4502DDB0EE680A05E010EE15
:1062F000102A524501D9B0EE490A90ED16CA91ED27
:10630000D81A11EE00CA01E0B0EE48CA90ED1C0A9E
:10631000B5EEC00AF1EE10FA03DD94F9C422002AAA
:1063200008DDB5EEC00AF1EE10FA05D894F8C422E3
:10633000012A01D184ED8A8AB5EEC00AF1EE10FA85
:1063400094ED8A1AD1ED421A11EE8C1A21EE0ADA76
:1063500003DD94F9C522002A08DDB5EEC00AF1EE8E
:1063600010FA05D894F8C522012A01D184ED8B8A50
:1063700094ED8B0A9BED6C1A01EE0C0A30EE0D0ABF
:1063800010EE101A494502DDC5ED0B8A08E010EE4B
:10639000101A514502D985ED0B9A01E085ED0B0AE3
:1063A0003448A0F2B22190ED1A0AA0F5197030EE2F
:1063B000C00AFAF7A5F82F4894ED1C0AD0ED1B0A85
:1063C00030EE200A85ED0C0ADBED180A94ED880A00
:1063D00060EE8B0A00EEA90A84ED880A94ED890A22
:1063E0000CEEA90A84ED890A94ED8A0A0DEE290AB9
:1063F00084ED8A0A90ED1C0AB5EEC00AF1EE10FA9F
:1064000005DD012084F8C40284F8C50223E0B5EE5E
:10641000C00AF1EE10FA02D284F8C46209E0B5EEC7
:10642000C00AF1EE10FA02D184F8C47201E084F8D7
:10643000C482B5EEC00AF1EE10FA02D284F8C56249
:1064400009E0B5EEC00AF1EE10FA02D184F8C57287
:1064500001E084F8C5829BED570A60EE0C0A94EDCA
:106460008B0A00EEA90A84ED8B0A024890ED1F0A00
:1064700002E00000241A0024BDEEC00A10EE100A4B
:10648000012802D0022875D192E0FB48D0ED1E0A07
:1064900090ED1D1A90ED230A30EEC11AB5EEC00A38
:1064A000F1EE10FA03DD94F9C202002808DDB5EE22
:1064B000C00AF1EE10FA05D894F8C202012801D101
:1064C00084ED868AB5EEC00A5946F1EE10FA94EDD5
:1064D000862ADBED9A1AF0EE420A51EE810A60EE4E
:1064E0008A2A03DD94F9C302002808DDB5EEC00A4C
:1064F000F1EE10FA05D894F8C302012801D184ED19
:10650000878AD4ED871A91EDC43AF0EE610A43EE22
:10651000010A70EEA20A10EE900A484502DDC5EDB0
:106520000D8A08E010EE900A504502D985ED0D9ACB
:1065300001E0C5ED0D0AB5EEC00AF1EE10FA02EE6B
:10654000A92A84ED862A05DD012084F8C20284F898
:10655000C30224E0B5EEC00AF1EE10FA02D284F8CC
:10656000C2620AE0B5EEC00AF1EE10FA03D184F877
:10657000C27202E00FE184F8C282B5EEC00AF1EE09
:1065800010FA02D284F8C36209E0B5EEC00AF1EE57
:1065900010FA02D184F8C37201E084F8C3829BED43
:1065A000AF0A20EE010A40EE291AC4ED871AF2E084
:1065B000B14859469BED821AD0ED200AD0ED221A3F
:1065C00090ED1E2AB0EE600A01EEAA0A32EE40BA41
:1065D000B0EECB0AB4EEC01AF1EE10FA01DBB0EE69
:1065E00048BAB4EEC01AF1EE10FA94ED830A91EDB8
:1065F000041A11EE0B0A60EE0ACA1BD294ED820A4D
:1066000091ED2E1A01EE0B0A30EE2C0A10EE102A34
:106610004A4502DDB0EE680A05E010EE102A524548
:1066200001D9B0EE490A90ED1DCA91EDD91A11EECB
:1066300000CA01E0B0EE48CA90ED230AB5EEC00AE8
:10664000F1EE10FA03DD94F9C022002A08DDB5EE60
:10665000C00AF1EE10FA05D894F8C022012A01D13F
:1066600084ED848AB5EEC00AF1EE10FA94ED841A36
:10667000D1ED431A11EE8C1A21EE0ADA03DD94F9FA
:10668000C122002A08DDB5EEC00AF1EE10FA05D8E5
:1066900094F8C122012A01D184ED858A94ED850AFE
:1066A0009BED6D1A01EE0C0A30EE0D0A10EE101A79
:1066B000494502DDC5ED0E8A08E010EE101A51457D
:1066C00002D985ED0E9A01E085ED0E0A6A48A0F523
:1066D0002D7190ED210AA0F51A7030EEC00AF9F77D
:1066E0000FFF654894ED1B0AD0ED220A30EE200A18
:1066F00085ED0F0ADBED190A94ED820A60EE8B0A34
:1067000000EEA90A84ED820A94ED830A0CEEA90A30
:1067100084ED830A94ED840A0DEE290A84ED840A3F
:1067200090ED230AB5EEC00AF1EE10FA05DD012066
:1067300084F8C00284F8C10223E0B5EEC00AF1EE8D
:1067400010FA02D284F8C06209E0B5EEC00AF1EE98
:1067500010FA02D184F8C07201E084F8C082B5EE6C
:10676000C00AF1EE10FA02D284F8C16209E0B5EE77
:10677000C00AF1EE10FA02D184F8C17201E084F887
:10678000C1829BED580A60EE0C0A94ED850A00EE7A
:10679000A90A84ED850A384890ED260ABDEEC00AA4
:1067A00010EE100A012802D0022867D194E0324886
:1067B00090ED250A90ED241AD0ED2A0A70EE412AB8
:1067C000F5EEC00AF1EE10FA03DD94F9BE020028DE
:1067D00008DDF5EEC00AF1EE10FA05D894F8BE0215
:1067E000012801D184ED808AF5EEC00A5846F1EE09
:1067F00010FA94ED802A9BED9B1AB0EE420A11EE3E
:10680000220A60EE0A1A03DD94F9BF12002908DD9E
:10681000F5EEC00AF1EE10FA05D894F8BF1201297E
:1068200001D184ED818A94ED810A90EDC53AB0EEF4
:10683000401A03EE221A31EE211A11EE101A4945C0
:1068400002DDC5ED108A08E011EE101A514502D99B
:1068500085ED109A01E085ED101AF5EEC00AF1EE13
:1068600010FA01EEA92A84ED802A08DD012184F8BE
:10687000BE1284F8BF1226E0241A002420E1F5EEAF
:10688000C00AF1EE10FA02D284F8BE6209E0F5EE19
:10689000C00AF1EE10FA02D184F8BE7201E084F869
:1068A000BE82F5EEC00AF1EE10FA02D284F8BF62A1
:1068B00009E0F5EEC00AF1EE10FA02D184F8BF72D9
:1068C00001E084F8BF82DBEDB00A60EEA20A00EEC0
:1068D000A90A84ED810AF3E0FE4859469BED831A2C
:1068E000D0ED270AD0ED291A90ED252AB0EE600AE6
:1068F00001EEAA0A32EE40BAB0EECB0AB4EEC01AEC
:10690000F1EE10FA01DBB0EE48BAB4EEC01AF1EEC7
:1069100010FA94ED7D0A91ED051A11EE0B0A60EE66
:106920000ACA1BD294ED7C0A91ED2F1A01EE0B0AD4
:1069300030EE2C0A10EE102A4A4502DDB0EE680A4D
:1069400005E010EE102A524501D9B0EE490A90ED4B
:1069500024CA91EDDA1A11EE00CA01E0B0EE48CA7D
:1069600090ED2A0AB5EEC00AF1EE10FA03DD94F9B3
:10697000BC22002A08DDB5EEC00AF1EE10FA05D8F7
:1069800094F8BC22012A01D184ED7E8AB5EEC00ABA
:10699000F1EE10FA94ED7E1AD1ED441A11EE8C1A34
:1069A00021EE0ADA03DD94F9BD22002A08DDB5EEF6
:1069B000C00AF1EE10FA05D894F8BD22012A01D1DF
:1069C00084ED7F8A94ED7F0A9BED6E1A01EE0C0A2E
:1069D00030EE0D0A10EE101A494502DDC5ED118AA0
:1069E00008E010EE101A514502D985ED119A01E028
:1069F00085ED110AB748A0F2B62190ED280AA0F55E
:106A00001B7030EEC00AF9F77BFDB24894ED1A0A0C
:106A10000146D0ED290A30EE200A85ED120ADBEDA1
:106A20001A0A94ED7C0A60EE8B0A00EEA90A84ED46
:106A30007C0A94ED7D0A0CEEA90A84ED7D0A94EDA2
:106A40007E0A0DEE290A84ED7E0A91ED2A0AB5EE42
:106A5000C00AF1EE10FA05DD012184F8BC1284F8B9
:106A6000BD1223E0B5EEC00AF1EE10FA02D284F8AE
:106A7000BC6209E0B5EEC00AF1EE10FA02D184F86A
:106A8000BC7201E084F8BC82B5EEC00AF1EE10FAE7
:106A900002D284F8BD6209E0B5EEC00AF1EE10FA48
:106AA00002D184F8BD7201E084F8BD829BED590AE1
:106AB00060EE0C0A94ED7F0A00EEA90A84ED7F0ACD
:106AC000844890ED2D0ABDEEC00A10EE100A012890
:106AD00002D0022875D192E07E48D0ED2C0A90EDCC
:106AE0002B1A90ED310A70EEC11AB5EEC00AF1EE24
:106AF00010FA03DD94F9BA02002808DDB5EEC00AE9
:106B0000F1EE10FA05D894F8BA02012801D184ED0B
:106B10007A8AB5EEC00A5846F1EE10FAD4ED7A2A18
:106B20009BED9C1AF0EE620A51EE210A20EE8A1AC1
:106B300003DD94F9BB12002908DDB5EEC00AF1EEC1
:106B400010FA05D894F8BB12012901D184ED7B8A93
:106B500094ED7B2A90EDC63AF0EE420A43EE210A0C
:106B600070EE810A10EE901A494502DDC5ED138AD8
:106B700008E010EE901A514502D985ED139A01E014
:106B8000C5ED130AB5EEC00AF1EE10FA41EE292A5E
:106B9000C4ED7A2A05DD012184F8BA1284F8BB120B
:106BA00024E0B5EEC00AF1EE10FA02D284F8BA621F
:106BB0000AE0B5EEC00AF1EE10FA03D184F8BA7219
:106BC00002E012E184F8BA82B5EEC00AF1EE10FAE2
:106BD00002D284F8BB6209E0B5EEC00AF1EE10FA09
:106BE00002D184F8BB7201E084F8BB829BEDB10A4C
:106BF00020EE210A00EE292A84ED7B2AF5E03549B2
:106C000058469BED841AD1ED2E0AD1ED301A91ED44
:106C10002C2AB0EE600A01EEAA0A32EE40BAB0EEBB
:106C2000CB0AB4EEC01AF1EE10FA01DBB0EE48BAAE
:106C3000B4EEC01AF1EE10FA94ED770A90ED061A50
:106C400011EE0B0A60EE0ACA1BD294ED760A90EDA3
:106C5000301A01EE0B0A30EE2C0A10EE102A4A45CB
:106C600002DDB0EE680A05E010EE102A524501D9A7
:106C7000B0EE490A91ED2BCA90EDDB1A11EE00CA75
:106C800001E0B0EE48CA91ED310AB5EEC00AF1EE6E
:106C900010FA03DD94F9B822002A08DDB5EEC00A27
:106CA000F1EE10FA05D894F8B822012A01D184ED4A
:106CB000788AB5EEC00AF1EE10FA94ED781AD0EDAC
:106CC000451A11EE8C1A21EE0ADA06DD94F9B92282
:106CD000002A01E0241A002408DDB5EEC00AF1EE16
:106CE00010FA05D894F8B922012A01D184ED798AE5
:106CF00094ED790A9BED6F1A01EE0C0A30EE0D0A45
:106D000010EE100A484502DDC5ED148A08E010EEC9
:106D1000100A504502D985ED149A01E085ED140A58
:106D2000FE48A0F52E7190ED2F0AA0F51C7030EEF4
:106D3000C00AF9F7E5FBF94894ED190AD0ED300ADD
:106D400030EE200A85ED150ADBED1B0A94ED760A7C
:106D500060EE8B0A00EEA90A84ED760A94ED770ABC
:106D60000CEEA90A84ED770A94ED780A0DEE290A53
:106D700084ED780A90ED310AB5EEC00AF1EE10FA12
:106D800005DD012084F8B80284F8B90223E0B5EEED
:106D9000C00AF1EE10FA02D284F8B86209E0B5EE4A
:106DA000C00AF1EE10FA02D184F8B87201E084F85A
:106DB000B882B5EEC00AF1EE10FA02D284F8B962D8
:106DC00009E0B5EEC00AF1EE10FA02D184F8B9720A
:106DD00001E084F8B9829BED5A0A60EE0C0A94ED4A
:106DE000790A00EEA90A84ED790ACC4890ED340ABC
:106DF000BDEEC00A10EE100A012802D0022875D19B
:106E000092E0C648D0ED330A90ED321A90ED380A80
:106E100030EEC12AB5EEC00AF1EE10FA03DD94F9A6
:106E2000B602002808DDB5EEC00AF1EE10FA05D86A
:106E300094F8B602012801D184ED748AB5EEC00A37
:106E40005846F1EE10FAD4ED741A9BED9D1AF0EE4F
:106E5000610A51EE020A60EE8A2A03DD94F9B71244
:106E6000002908DDB5EEC00AF1EE10FA05D894F855
:106E7000B712012901D184ED758AD4ED750A90ED20
:106E8000C73AB0EE601A03EE021A31EE221A11EE82
:106E9000101A494502DDC5ED168A08E011EE101AF8
:106EA000514502D985ED169A01E085ED161AB5EE29
:106EB000C00AF1EE10FA42EEA91AC4ED741A05DD0B
:106EC000012184F8B61284F8B71224E0B5EEC00AA6
:106ED000F1EE10FA02D284F8B6620AE0B5EEC00A0A
:106EE000F1EE10FA03D184F8B67202E010E184F8F2
:106EF000B682B5EEC00AF1EE10FA02D284F8B7629B
:106F000009E0B5EEC00AF1EE10FA02D184F8B772CA
:106F100001E084F8B7829BEDB20A20EE020A40EE4F
:106F2000290AC4ED750AF3E07C4859469BED851AA1
:106F3000D0ED350AD0ED371A90ED332AB0EE600A65
:106F400001EEAA0A32EE40BAB0EECB0AB4EEC01A95
:106F5000F1EE10FA01DBB0EE48BAB4EEC01AF1EE71
:106F600010FA94ED710A91ED071A11EE0B0A60EE1A
:106F70000ACA1BD294ED700A91ED311A01EE0B0A88
:106F800030EE2C0A10EE102A4A4502DDB0EE680AF7
:106F900005E010EE102A524501D9B0EE490A90EDF5
:106FA00032CA91EDDC1A11EE00CA01E0B0EE48CA17
:106FB00090ED380AB5EEC00AF1EE10FA03DD94F94F
:106FC000B422002A08DDB5EEC00AF1EE10FA05D8A9
:106FD00094F8B422012A01D184ED728AB5EEC00A78
:106FE000F1EE10FA94ED721AD1ED461A11EE8C1AE8
:106FF00021EE0ADA03DD94F9B522002A08DDB5EEA8
:10700000C00AF1EE10FA05D894F8B522012A01D190
:1070100084ED738A94ED730A9BED701A01EE0C0AED
:1070200030EE0D0A10EE101A494502DDC5ED178A43
:1070300008E010EE101A514502D985ED179A01E0CB
:1070400085ED170A3548A0F2BA2190ED360AA0F571
:107050001D7030EEC00AF9F753FA304894ED180A63
:107060000146D0ED370A30EE200A85ED180ADBED37
:107070001C0A94ED700A60EE8B0A00EEA90A84EDFA
:10708000700A94ED710A0CEEA90A84ED710A94ED70
:10709000720A0DEE290A84ED720A91ED380AB5EEF6
:1070A000C00AF1EE10FA05DD012184F8B41284F86B
:1070B000B51223E0B5EEC00AF1EE10FA02D284F860
:1070C000B46209E0B5EEC00AF1EE10FA02D184F81C
:1070D000B47201E084F8B482B5EEC00AF1EE10FAA1
:1070E00002D284F8B56209E0B5EEC00AF1EE10FAFA
:1070F00002D184F8B57201E084F8B5829BED5B0A99
:1071000060EE0C0A94ED730A00EEA90A84ED730A8E
:10711000024890ED3B0ABDEEC00A01E0241A0024AB
:1071200010EE100A012802D0022875D192E0FC4826
:1071300090ED3A0A90ED391AD0ED3F0A30EE412A2F
:10714000F5EEC00AF1EE10FA03DD94F9B202002860
:1071500008DDF5EEC00AF1EE10FA05D894F8B20297
:10716000012801D184ED6E8AF5EEC00A5846F1EE91
:1071700010FA94ED6E0ADBED9E1AB0EE401A11EE95
:10718000821A61EE0A1A03DD94F9B312002908DDB0
:10719000F5EEC00AF1EE10FA05D894F8B312012901
:1071A00001D184ED6F8AD4ED6F2A90EDC83AB0EE2C
:1071B000621A03EE021A31EE211A11EE101A494535
:1071C00002DDC5ED198A08E011EE101A514502D909
:1071D00085ED199A01E085ED191AF5EEC00AF1EE78
:1071E00010FA01EEA90A84ED6E0A05DD012184F88A
:1071F000B21284F8B31224E0F5EEC00AF1EE10FAF0
:1072000002D284F8B2620AE0F5EEC00AF1EE10FA9A
:1072100003D184F8B27202E010E184F8B282F5EE94
:10722000C00AF1EE10FA02D284F8B36209E0F5EE7A
:10723000C00AF1EE10FA02D184F8B37201E084F8CA
:10724000B3829BEDB30A20EE020A40EE292AC4ED78
:107250006F2AF3E0B24859469BED861AD0ED3C0AFE
:10726000D0ED3E1A90ED3A2AB0EE600A01EEAA0A7D
:1072700032EE40BAB0EECB0AB4EEC01AF1EE10FA1C
:1072800001DBB0EE48BAB4EEC01AF1EE10FA94ED9C
:107290006B0A91ED081A11EE0B0A60EE0ACA1BD2B6
:1072A00094ED6A0A91ED321A01EE0B0A30EE2C0AC7
:1072B00010EE102A4A4502DDB0EE680A05E010EE35
:1072C000102A524501D9B0EE490A90ED39CA91ED24
:1072D000DD1A11EE00CA01E0B0EE48CA90ED3F0A97
:1072E000B5EEC00AF1EE10FA03DD94F9B022002ADF
:1072F00008DDB5EEC00AF1EE10FA05D894F8B02218
:10730000012A01D184ED6C8AB5EEC00AF1EE10FAC3
:1073100094ED6C1AD1ED471A11EE8C1A21EE0ADAAF
:1073200003DD94F9B122002A08DDB5EEC00AF1EEC2
:1073300010FA05D894F8B122012A01D184ED6D8AA2
:1073400094ED6D0A9BED711A01EE0C0A30EE0D0AF8
:1073500010EE101A494502DDC5ED1A8A08E010EE5C
:10736000101A514502D985ED1A9A01E085ED1A0AE5
:107370006B48A0F52F7190ED3D0AA0F51E7030EE20
:10738000C00AF9F7BDF8664894ED170A0146D0ED3A
:107390003E0A30EE200A85ED1B0ADBED1D0A94ED56
:1073A0006A0A60EE8B0A00EEA90A84ED6A0A94ED7F
:1073B0006B0A0CEEA90A84ED6B0A94ED6C0A0DEED3
:1073C000290A84ED6C0A91ED3F0AB5EEC00AF1EE90
:1073D00010FA05DD012184F8B01284F8B11223E01F
:1073E000B5EEC00AF1EE10FA02D284F8B06209E0FC
:1073F000B5EEC00AF1EE10FA02D184F8B07201E0E5
:1074000084F8B082B5EEC00AF1EE10FA02D284F828
:10741000B16209E0B5EEC00AF1EE10FA02D184F8CB
:10742000B17201E084F8B1829BED5C0A60EE0C0A57
:1074300094ED6D0A00EEA90A84ED6D0A384890EDCE
:10744000420ABDEEC00A10EE100A012802D002283E
:1074500065D194E0324890ED410A90ED401AD0EDAC
:10746000460A30EE410AF5EEC00AF1EE10FA03DDED
:1074700094F9AE02002808DDF5EEC00AF1EE10FA2C
:1074800005D894F8AE02012801D184ED688AF5EEA2
:10749000C00A5846F1EE10FAD4ED681A9BED9F2A07
:1074A000B0EE611A12EE001A61EE0A2A03DD94F9B9
:1074B000AF12002908DDF5EEC00AF1EE10FA05D88A
:1074C00094F8AF12012901D184ED698A94ED692AFB
:1074D00090EDC93AB0EE421A03EE001A31EE221ACC
:1074E00011EE101A494502DDC5ED1C8A08E011EEC7
:1074F000101A514502D985ED1C9A01E085ED1C1A40
:10750000F5EEC00AF1EE10FA42EEA91AC4ED681ABF
:1075100008DD012184F8AE1284F8AF1226E021E1E3
:10752000241A0024F5EEC00AF1EE10FA02D284F813
:10753000AE6209E0F5EEC00AF1EE10FA02D184F86D
:10754000AE7201E084F8AE82F5EEC00AF1EE10FAF8
:1075500002D284F8AF6209E0F5EEC00AF1EE10FA4B
:1075600002D184F8AF7201E084F8AF82DBEDB40A97
:1075700020EE800A00EE292A84ED692AF2E0FE4816
:1075800059469BED871AD0ED430AD0ED451A90ED90
:10759000412AB0EE600A01EEAA0A32EE40BAB0EE1D
:1075A000CB0AB4EEC01AF1EE10FA01DBB0EE48BA25
:1075B000B4EEC01AF1EE10FA94ED650A91ED091AD5
:1075C00011EE0B0A60EE0ACA1BD294ED640A91ED2B
:1075D000331A01EE0B0A30EE2C0A10EE102A4A453F
:1075E00002DDB0EE680A05E010EE102A524501D91E
:1075F000B0EE490A90ED40CA91EDDE1A11EE00CAD4
:1076000001E0B0EE48CA90ED460AB5EEC00AF1EED0
:1076100010FA03DD94F9AC22002A08DDB5EEC00AA9
:10762000F1EE10FA05D894F8AC22012A01D184EDCC
:10763000668AB5EEC00AF1EE10FA94ED661AD1ED45
:10764000481A11EE8C1A21EE0ADA03DD94F9AD2204
:10765000002A08DDB5EEC00AF1EE10FA05D894F85C
:10766000AD22012A01D184ED678A94ED670A9BED72
:10767000721A01EE0C0A30EE0D0A10EE101A49458E
:1076800002DDC5ED1D8A08E010EE101A514502D941
:1076900085ED1D9A01E085ED1D0AB748A0F2BE21D7
:1076A00090ED440AA0F51F7030EEC00AF8F728FFED
:1076B000B14894ED160AD0ED450A30EE200A85ED6A
:1076C0001E0ADBED1E0A94ED640A60EE8B0A00EEE2
:1076D000A90A84ED640A94ED650A0CEEA90A84ED0A
:1076E000650A94ED660A0DEE290A84ED660A90EDAE
:1076F000460AB5EEC00AF1EE10FA05DD012084F865
:10770000AC0284F8AD0223E0B5EEC00AF1EE10FA47
:1077100002D284F8AC6209E0B5EEC00AF1EE10FACC
:1077200002D184F8AC7201E084F8AC82B5EEC00AF4
:10773000F1EE10FA02D284F8AD6209E0B5EEC00AAB
:10774000F1EE10FA02D184F8AD7201E084F8AD8256
:107750009BED5D0A60EE0C0A94ED670A00EEA90A43
:1077600084ED670A844890ED490ABDEEC00A10EE28
:10777000100A012802D0022875D192E07E48D0ED8F
:10778000480A90ED471A90ED4D0A30EEC11AB5EE59
:10779000C00AF1EE10FA03DD94F9AA02002808DD10
:1077A000B5EEC00AF1EE10FA05D894F8AA02012845
:1077B00001D184ED628AB5EEC00A5846F1EE10FAA6
:1077C000D4ED622ADBEDA01AF0EE620A51EE810AD6
:1077D00020EE8A2A03DD94F9AB12002908DDB5EE0C
:1077E000C00AF1EE10FA05D894F8AB12012901D1C4
:1077F00084ED638AD4ED631A90EDCA3AF0EE610A23
:1078000043EE010A70EE820A10EE901A494502DD3D
:10781000C5ED1F8A08E010EE901A514502D985ED9A
:107820001F9A01E0C5ED1F0AB5EEC00AF1EE10FA8D
:1078300042EE292AC4ED622A05DD012184F8AA124C
:1078400084F8AB1224E0B5EEC00AF1EE10FA02D2D1
:1078500084F8AA620AE0B5EEC00AF1EE10FA03D18C
:1078600084F8AA7202E013E184F8AA82B5EEC00A95
:10787000F1EE10FA02D284F8AB6209E0B5EEC00A6C
:10788000F1EE10FA02D184F8AB7201E084F8AB8219
:107890009BEDB50A20EE010A40EE291AC4ED631AE9
:1078A000F6E0354859469BED881AD0ED4A0AD0EDEE
:1078B0004C1A90ED482AB0EE600A01EEAA0A32EEA8
:1078C00040BAB0EECB0AB4EEC01AF1EE10FA01DB0A
:1078D000B0EE48BAB4EEC01AF1EE10FA94ED5F0AB9
:1078E00091ED0A1A11EE0B0A60EE0ACA1BD294ED52
:1078F0005E0A91ED341A01EE0B0A30EE2C0A10EEFE
:10790000102A4A4502DDB0EE680A05E010EE102AA2
:10791000524501D9B0EE490A90ED47CA91EDDF1A00
:1079200011EE00CA01E0B0EE48CA90ED4D0AB5EE86
:10793000C00AF1EE10FA03DD94F9A822002A08DD4E
:10794000B5EEC00AF1EE10FA05D894F8A822012A83
:1079500001D184ED608AB5EEC00AF1EE10FA94ED23
:10796000601AD1ED491A11EE8C1A21EE0ADA06DD01
:1079700094F9A922002A01E0241A002408DDB5EEBA
:10798000C00AF1EE10FA05D894F8A922012A01D113
:1079900084ED618A94ED610A9BED731A01EE0C0A85
:1079A00030EE0D0A10EE101A494502DDC5ED208AB1
:1079B00008E010EE101A514502D985ED209A01E039
:1079C00085ED200AFE48A0F5307190ED4B0AA0F538
:1079D000207030EEC00AF8F793FDF94894ED150ACF
:1079E0000146D0ED4C0A30EE200A85ED210ADBED90
:1079F0001F0A94ED5E0A60EE8B0A00EEA90A84ED80
:107A00005E0A94ED5F0A0CEEA90A84ED5F0A94ED1C
:107A1000600A0DEE290A84ED600A91ED4D0AB5EE7B
:107A2000C00AF1EE10FA05DD012184F8A81284F8ED
:107A3000A91223E0B5EEC00AF1EE10FA02D284F8E2
:107A4000A86209E0B5EEC00AF1EE10FA02D184F89E
:107A5000A87201E084F8A882B5EEC00AF1EE10FA2F
:107A600002D284F8A96209E0B5EEC00AF1EE10FA7C
:107A700002D184F8A97201E084F8A9829BED5E0A24
:107A800060EE0C0A94ED610A00EEA90A84ED610A29
:107A9000CB4890ED500ABDEEC00A10EE100A012846
:107AA00002D0022875D192E0C54890ED4F0AD0ED82
:107AB0004E0A90ED541A30EE600AB5EEC01AF1EE9F
:107AC00010FA03DD94F9A602002808DDB5EEC01A0D
:107AD000F1EE10FA05D894F8A602012801D184ED40
:107AE0005C8AB5EEC01A5846F1EE10FAD4ED5C2A65
:107AF000DBEDA11AF0EE620A51EE800A60EE8A1AFE
:107B000003DD94F9A712002908DDB5EEC01AF1EEE5
:107B100010FA05D894F8A712012901D184ED5D8AE5
:107B2000D4ED5D0A90EDCB3AB0EE602A03EE002A68
:107B300032EE212A12EE101A494502DDC5ED228AE5
:107B400008E012EE101A514502D985ED229A01E0A3
:107B500085ED222AB5EEC01AF1EE10FA41EEA92AFF
:107B6000C4ED5C2A05DD012184F8A61284F8A71271
:107B700024E0B5EEC01AF1EE10FA02D284F8A66243
:107B80000AE0B5EEC01AF1EE10FA03D184F8A6723D
:107B900002E010E184F8A682B5EEC01AF1EE10FA08
:107BA00002D284F8A76209E0B5EEC01AF1EE10FA2D
:107BB00002D184F8A77201E084F8A7829BEDB61A7F
:107BC00021EE000A40EE290AC4ED5D0AF3E07C498B
:107BD00058469BED891AD1ED510AD1ED531A91ED1A
:107BE0004F2AB0EE600A01EEAA0A32EE40BAB0EEB9
:107BF000CB0AB4EEC01AF1EE10FA01DBB0EE48BACF
:107C0000B4EEC01AF1EE10FA94ED590A90ED0B1A89
:107C100011EE0B0A60EE0ACA1BD294ED580A90EDE1
:107C2000351A01EE0B0A30EE2C0A10EE102A4A45E6
:107C300002DDB0EE680A05E010EE102A524501D9C7
:107C4000B0EE490A91ED4ECA90EDE01A11EE00CA6D
:107C500001E0B0EE48CA91ED540AB5EEC00AF1EE6B
:107C600010FA03DD94F9A422002A08DDB5EEC00A5B
:107C7000F1EE10FA05D894F8A422012A01D184ED7E
:107C80005A8AB5EEC00AF1EE10FA94ED5A1AD0ED08
:107C90004A1A11EE8C1A21EE0ADA03DD94F9A522B4
:107CA000002A08DDB5EEC00AF1EE10FA05D894F806
:107CB000A522012A01D184ED5B8A94ED5B0A9BED3C
:107CC000741A01EE0C0A30EE0D0A10EE100A484547
:107CD00002DDC5ED238A08E010EE100A504502D9F6
:107CE00085ED239A01E085ED230A3548A0F2C221F3
:107CF00090ED520AA0F5217030EEC00AF8F700FCB2
:107D00002F4894ED140A0146D0ED530A30EE200AB4
:107D100085ED240ADBED200A94ED580A60EE8B0A0B
:107D200000EEA90A84ED580A94ED590A0CEEA90A4E
:107D300084ED590A94ED5A0A0DEE290A84ED5A0A87
:107D400091ED540AB5EEC00AF1EE10FA05DD0121FD
:107D500084F8A41284F8A51223E0B5EEC00AF1EE6F
:107D600010FA02D284F8A46209E0B5EEC00AF1EE7E
:107D700010FA02D184F8A47201E084F8A482B5EE6E
:107D8000C00AF1EE10FA02D284F8A56209E0B5EE5D
:107D9000C00AF1EE10FA02D184F8A57201E084F86D
:107DA000A5829BED5F0A60EE0C0A94ED5B0A00EE83
:107DB000A90A84ED5B0A024890ED570A02E0000030
:107DC000241A0024BDEEC00A10EE100A012802D0C9
:107DD000022875D192E0FB4890ED560A90ED551AB5
:107DE000D0ED5B0A30EE411AF5EEC00AF1EE10FA62
:107DF00003DD94F9A202002808DDF5EEC00AF1EED9
:107E000010FA05D894F8A202012801D184ED568A0F
:107E1000F5EEC00A5846F1EE10FA94ED560A9BEDC5
:107E2000A22AF0EE401A52EE011A21EE8A2A03DD50
:107E300094F9A312002908DDF5EEC00AF1EE10FA5C
:107E400005D894F8A312012901D184ED578AD4ED05
:107E5000572A90EDCC3AF0EE621A43EE011A71EE19
:107E6000821A11EE901A494502DDC5ED258A08E017
:107E700011EE901A514502D985ED259A01E0C5ED24
:107E8000251AF5EEC00AF1EE10FA02EE290A84ED89
:107E9000560A05DD012184F8A21284F8A31224E019
:107EA000F5EEC00AF1EE10FA02D284F8A2620AE0FE
:107EB000F5EEC00AF1EE10FA03D184F8A27202E0E6
:107EC0000FE184F8A282F5EEC00AF1EE10FA02D2B8
:107ED00084F8A36209E0F5EEC00AF1EE10FA02D1CF
:107EE00084F8A37201E084F8A3829BEDB70A20EE28
:107EF000010A40EE292AC4ED572AF2E0B14859465A
:107F00009BED8A1AD0ED580AD0ED5A1A90ED562AF8
:107F1000B0EE600A01EEAA0A32EE40BAB0EECB0A29
:107F2000B4EEC01AF1EE10FA01DBB0EE48BAB4EECE
:107F3000C01AF1EE10FA94ED530A91ED0C1A11EEFD
:107F40000B0A60EE0ACA1BD294ED520A91ED361A62
:107F500001EE0B0A30EE2C0A10EE102A4A4502DD23
:107F6000B0EE680A05E010EE102A524501D9B0EED5
:107F7000490A90ED55CA91EDE11A11EE00CA01E0EF
:107F8000B0EE48CA90ED5B0AB5EEC00AF1EE10FA09
:107F900003DD94F9A022002A08DDB5EEC00AF1EE57
:107FA00010FA05D894F8A022012A01D184ED548A50
:107FB000B5EEC00AF1EE10FA94ED541AD1ED4B1A59
:107FC00011EE8C1A21EE0ADA03DD94F9A122002ABF
:107FD00008DDB5EEC00AF1EE10FA05D894F8A1223A
:107FE000012A01D184ED558A94ED550A9BED751A4D
:107FF00001EE0C0A30EE0D0A10EE101A494502DDB2
:10800000C5ED268A08E010EE101A514502D985ED1B
:10801000269A01E085ED260A6A48A0F5317190EDB7
:10802000590AA0F5227030EEC00AF8F769FA6548DF
:1080300094ED130AD0ED5A0A30EE200A85ED270A96
:10804000DBED210A94ED520A60EE8B0A00EEA90ADC
:1080500084ED520A94ED530A0CEEA90A84ED530AFA
:1080600094ED540A0DEE290A84ED540A90ED5B0A52
:10807000B5EEC00AF1EE10FA05DD012084F8A00289
:1080800084F8A10223E0B5EEC00AF1EE10FA02D2A4
:1080900084F8A06209E0B5EEC00AF1EE10FA02D150
:1080A00084F8A07201E084F8A082B5EEC00AF1EE77
:1080B00010FA02D284F8A16209E0B5EEC00AF1EE2E
:1080C00010FA02D184F8A17201E084F8A1829BED3C
:1080D000600A60EE0C0A94ED550A00EEA90A84EDE0
:1080E000550A384890ED5E0ABDEEC00A10EE100A3F
:1080F000012802D0022867D194E0324890ED5D0A51
:10810000D0ED5C0A90ED621A30EE602AB5EEC01A2E
:10811000F1EE10FA03DD94F99E02002808DDB5EEB9
:10812000C01AF1EE10FA05D894F89E02012801D188
:1081300084ED508AB5EEC01A5846F1EE10FA94ED6F
:10814000500ADBEDA31AF0EE400A51EE820A60EE0F
:108150008A2A03DD94F99F12002908DDB5EEC01AC2
:10816000F1EE10FA05D894F89F12012901D184ED9F
:10817000518AD4ED510A90EDCD3AF0EE601A43EEFB
:10818000021A71EEA21A11EE901A494502DDC5EDF0
:10819000288A08E011EE901A514502D985ED289AF7
:1081A00001E0C5ED281AB5EEC01AF1EE10FA02EEA4
:1081B000A90A84ED500A08DD012184F89E1284F892
:1081C0009F1226E0241A002420E1B5EEC01AF1EE39
:1081D00010FA02D284F89E6209E0B5EEC01AF1EE00
:1081E00010FA02D184F89E7201E084F89E82B5EE06
:1081F000C01AF1EE10FA02D284F89F6209E0B5EEDF
:10820000C01AF1EE10FA02D184F89F7201E084F8EE
:108210009F829BEDB80A20EE020A40EE290AC4EDC7
:10822000510AF3E0FE4859469BED8B1AD0ED5F0AE8
:10823000D0ED611A90ED5D2AB0EE600A01EEAA0A57
:1082400032EE40BAB0EECB0AB4EEC01AF1EE10FA3C
:1082500001DBB0EE48BAB4EEC01AF1EE10FA94EDBC
:108260004D0A91ED0D1A11EE0B0A60EE0ACA1BD2EF
:1082700094ED4C0A91ED371A01EE0B0A30EE2C0A00
:1082800010EE102A4A4502DDB0EE680A05E010EE55
:10829000102A524501D9B0EE490A90ED5CCA91ED21
:1082A000E21A11EE00CA01E0B0EE48CA90ED620A8F
:1082B000B5EEC00AF1EE10FA03DD94F99C22002A13
:1082C00008DDB5EEC00AF1EE10FA05D894F89C224C
:1082D000012A01D184ED4E8AB5EEC00AF1EE10FA02
:1082E00094ED4E1AD1ED4C1A11EE8C1A21EE0ADAE9
:1082F00003DD94F99D22002A08DDB5EEC00AF1EEF7
:1083000010FA05D894F89D22012A01D184ED4F8AF4
:1083100094ED4F0A9BED761A01EE0C0A30EE0D0A31
:1083200010EE101A494502DDC5ED298A08E010EE6D
:10833000101A514502D985ED299A01E085ED290AE7
:10834000B748A0F2C62190ED600AA0F5237030EE88
:10835000C00AF8F7D5F8B24894ED120A0146D0EDFC
:10836000610A30EE200A85ED2A0ADBED220A94ED3F
:108370004C0A60EE8B0A00EEA90A84ED4C0A94EDDB
:108380004D0A0CEEA90A84ED4D0A94ED4E0A0DEE4D
:10839000290A84ED4E0A91ED620AB5EEC00AF1EEAB
:1083A00010FA05DD012184F89C1284F89D1223E067
:1083B000B5EEC00AF1EE10FA02D284F89C6209E030
:1083C000B5EEC00AF1EE10FA02D184F89C7201E019
:1083D00084F89C82B5EEC00AF1EE10FA02D284F85D
:1083E0009D6209E0B5EEC00AF1EE10FA02D184F800
:1083F0009D7201E084F89D829BED610A60EE0C0A9B
:1084000094ED4F0A00EEA90A84ED4F0A844890EDDE
:10841000650ABDEEC00A10EE100A012802D002283B
:1084200075D192E07E48D0ED640A90ED631A90ED2C
:10843000690A30EEC11AB5EEC00AF1EE10FA03DD9A
:1084400094F99A02002808DDB5EEC00AF1EE10FAA0
:1084500005D894F89A02012801D184ED4A8AB5EE34
:10846000C00A5846F1EE10FAD4ED4A1A9BEDA42A40
:10847000F0EE610A52EE010A60EE8A2A03DD94F9F9
:108480009B12002908DDB5EEC00AF1EE10FA05D8FE
:1084900094F89B12012901D184ED4B8A94ED4B2A6B
:1084A00090EDCE3AF0EE420A43EE010A70EEA20AD7
:1084B00010EE901A494502DDC5ED2B8A08E010EE5A
:1084C000901A514502D985ED2B9A01E0C5ED2B0A92
:1084D000B5EEC00AF1EE10FA42EEA91AC4ED4A1A3E
:1084E00005DD012184F89A1284F89B1224E0B5EE90
:1084F000C00AF1EE10FA02D284F89A620AE0B5EEF0
:10850000C00AF1EE10FA03D184F89A7202E012E187
:1085100084F89A82B5EEC00AF1EE10FA02D284F81D
:108520009B6209E0B5EEC00AF1EE10FA02D184F8C0
:108530009B7201E084F89B829BEDB90A20EE010A50
:1085400000EE292A84ED4B2AF5E0354859469BED8B
:108550008C1AD0ED660AD0ED681A90ED642AB0EE60
:10856000600A01EEAA0A32EE40BAB0EECB0AB4EECF
:10857000C01AF1EE10FA01DBB0EE48BAB4EEC01A40
:10858000F1EE10FA94ED470A91ED0E1A11EE0B0A76
:1085900060EE0ACA1BD294ED460A91ED381A01EE3C
:1085A0000B0A30EE2C0A10EE102A4A4502DDB0EE1E
:1085B000680A05E010EE102A524501D9B0EE490ACA
:1085C00090ED63CA91EDE31A11EE00CA01E0B0EE3E
:1085D00048CA90ED690AB5EEC00AF1EE10FA03DD63
:1085E00094F99822002A08DDB5EEC00AF1EE10FADF
:1085F00005D894F89822012A01D184ED488AB5EE75
:10860000C00AF1EE10FA94ED481AD1ED4D1A11EEB0
:108610008C1A21EE0ADA06DD94F99922002A01E08B
:10862000241A002408DDB5EEC00AF1EE10FA05D8D0
:1086300094F89922012A01D184ED498A94ED490ADE
:108640009BED771A01EE0C0A30EE0D0A10EE101AAF
:10865000494502DDC5ED2C8A08E010EE101A51459F
:1086600002D985ED2C9A01E085ED2C0AFE48A0F593
:10867000327190ED670AA0F5247030EEC00AF7F76A
:108680003FFFF94894ED110AD0ED680A30EE200A58
:1086900085ED2D0ADBED230A94ED460A60EE8B0A88
:1086A00000EEA90A84ED460A94ED470A0CEEA90AE9
:1086B00084ED470A94ED480A0DEE290A84ED480A34
:1086C00090ED690AB5EEC00AF1EE10FA05DD012061
:1086D00084F8980284F8990223E0B5EEC00AF1EE1E
:1086E00010FA02D284F8986209E0B5EEC00AF1EE01
:1086F00010FA02D184F8987201E084F89882B5EEFD
:10870000C00AF1EE10FA02D284F8996209E0B5EEDF
:10871000C00AF1EE10FA02D184F8997201E084F8EF
:1087200099829BED620A60EE0C0A94ED490A00EE14
:10873000A90A84ED490ACC4890ED6C0ABDEEC00A46
:1087400010EE100A012802D0022875D192E0C64826
:1087500090ED6B0A90ED6A1AD0ED700A30EE412A66
:10876000F5EEC00AF1EE10FA03DD94F99602002846
:1087700008DDF5EEC00AF1EE10FA05D894F896027D
:10878000012801D184ED448AF5EEC00A5846F1EE85
:1087900010FAD4ED441A9BEDA51AB0EE610A11EE61
:1087A000020A60EE0A2A03DD94F99712002908DD17
:1087B000F5EEC00AF1EE10FA05D894F897120129E7
:1087C00001D184ED458A94ED450A90EDCF3AB0EEA3
:1087D000401A03EE021A31EE221A11EE101A494520
:1087E00002DDC5ED2E8A08E011EE101A514502D9BE
:1087F00085ED2E9A01E085ED2E1AF5EEC00AF1EE18
:1088000010FA42EEA91AC4ED441A05DD012184F8DC
:10881000961284F8971224E0F5EEC00AF1EE10FAF1
:1088200002D284F896620AE0F5EEC00AF1EE10FA80
:1088300003D184F8967202E00FE184F89682F5EE97
:10884000C00AF1EE10FA02D284F8976209E0F5EE60
:10885000C00AF1EE10FA02D184F8977201E084F8B0
:108860009782DBEDBA0A60EE820A00EEA90A84ED77
:10887000450AF2E07C4859469BED8D1AD0ED6D0A11
:10888000D0ED6F1A90ED6B2AB0EE600A01EEAA0AE5
:1088900032EE40BAB0EECB0AB4EEC01AF1EE10FAE6
:1088A00001DBB0EE48BAB4EEC01AF1EE10FA94ED66
:1088B000410A91ED0F1A11EE0B0A20EE0ADA1BD2D3
:1088C00094ED400A91ED391A01EE0B0A30EE0D0AD3
:1088D00010EE102A4A4502DDB0EE680A05E010EEFF
:1088E000102A524501D9B0EE490A90ED6ACA91EDBD
:1088F000E41A11EE00CA01E0B0EE48CA90ED700A29
:10890000B5EEC00AF1EE10FA03DD94F99422002AC4
:1089100008DDB5EEC00AF1EE10FA05D894F89422FD
:10892000012A01D184ED428AB5EEC00AF1EE10FAB7
:1089300094ED421AD1ED4E1A11EE8C1A61EE0ACA6C
:1089400003DD94F99522002A08DDB5EEC00AF1EEA8
:1089500010FA05D894F89522012A01D184ED438AB2
:1089600094ED430A9BED781A01EE0C0A30EE2C0AC6
:1089700010EE101A494502DDC5ED2F8A08E010EE11
:10898000101A514502D985ED2F9A01E085ED2F0A85
:108990003548A0F2CA2190ED6E0AA0F5257030EEA0
:1089A000C00AF7F7ADFD304894ED100AD0ED6F0A1C
:1089B00030EE200A85ED300ADBED240A94ED400A02
:1089C00060EE8B0A00EEA90A84ED400A94ED410A9C
:1089D0000DEE290A84ED410A94ED420A0CEEA90A33
:1089E00084ED420A90ED700AB5EEC00AF1EE10FA7D
:1089F00005DD012084F8940284F8950223E0B5EEA9
:108A0000C00AF1EE10FA02D284F8946209E0B5EEE1
:108A1000C00AF1EE10FA02D184F8947201E084F8F1
:108A20009482B5EEC00AF1EE10FA02D284F8956293
:108A300009E0B5EEC00AF1EE10FA02D184F89572A1
:108A400001E084F895829BED630A60EE0C0A94EDD8
:108A5000430A00EEA90A84ED430A034890ED730A25
:108A6000BDEEC00A02E00000241A002410EE100A35
:108A7000012802D0022875D192E0FC4890ED720ADC
:108A8000D0ED710A90ED771A70EE600AB5EEC01A5B
:108A9000F1EE10FA03DD94F99202002808DDB5EE3C
:108AA000C01AF1EE10FA05D894F89202012801D10B
:108AB00084ED3E8AB5EEC01A5846F1EE10FA94EDF8
:108AC0003E0A9BEDA62AF0EE401A52EE201A61EE05
:108AD0008A2A03DD94F99312002908DDB5EEC01A45
:108AE000F1EE10FA05D894F89312012901D184ED22
:108AF0003F8A94ED3F2A90EDD03AF0EE421A43EED1
:108B0000201A71EEA21A11EE901A494502DDC5ED48
:108B1000318A08E011EE901A514502D985ED319A5B
:108B200001E0C5ED311AB5EEC01AF1EE10FA02EE11
:108B3000A90A84ED3E0A05DD012184F8921284F829
:108B4000931224E0B5EEC01AF1EE10FA02D284F8C6
:108B500092620AE0B5EEC01AF1EE10FA03D184F881
:108B6000927202E010E184F89282B5EEC01AF1EE42
:108B700010FA02D284F8936209E0B5EEC01AF1EE61
:108B800010FA02D184F8937201E084F893829BED8D
:108B9000BB0A20EE200A00EE292A84ED3F2AF3E0EA
:108BA000B24859469BED8E1AD0ED740AD0ED761A74
:108BB00090ED722AB0EE600A01EEAA0A32EE40CAC7
:108BC000B0EECC0AB4EEC01AF1EE10FA01DBB0EE52
:108BD00048CAB4EEC01AF1EE10FA94ED3B0A91EDDA
:108BE000101A11EE0C0A60EE0ACA1BD294ED3A0A72
:108BF00091ED3A1A01EE0C0A30EE2C0A10EE102A12
:108C00004A4502DDB0EE680A05E010EE102A524532
:108C100001D9B0EE490A90ED71BA91EDE51A11EE65
:108C200000BA01E0B0EE48BA90ED770AB5EEC00A9E
:108C3000F1EE10FA03DD94F99022002A08DDB5EE7A
:108C4000C00AF1EE10FA05D894F89022012A01D159
:108C500084ED3C8AB5EEC00AF1EE10FA94ED3C1AB0
:108C6000D1ED4F1A11EE8B1A21EE0ADA03DD94F9D9
:108C70009122002A08DDB5EEC00AF1EE10FA05D8FF
:108C800094F89122012A01D184ED3D8A94ED3D0AA8
:108C90009BED791A01EE0B0A30EE0D0A10EE101A58
:108CA000494502DDC5ED328A08E010EE101A514543
:108CB00002D985ED329A01E085ED320A6B48A0F5C4
:108CC000337190ED750AA0F5267030EEC00AF7F703
:108CD00017FC664894ED0F0A0146D0ED760A30EE97
:108CE000200A85ED330ADBED250A94ED3A0A60EEA1
:108CF0008C0A00EEA90A84ED3A0A94ED3B0A0CEEC8
:108D0000A90A84ED3B0A94ED3C0A0DEE290A84ED94
:108D10003C0A91ED770AB5EEC00AF1EE10FA05DDD6
:108D2000012184F8901284F8911223E0B5EEC00A74
:108D3000F1EE10FA02D284F8906209E0B5EEC00AB2
:108D4000F1EE10FA02D184F8907201E084F890827A
:108D5000B5EEC00AF1EE10FA02D284F8916209E091
:108D6000B5EEC00AF1EE10FA02D184F8917201E07A
:108D700084F891829BED640A60EE0B0A94ED3D0A43
:108D800000EEA90A84ED3D0A384890ED7A0ABDEE5E
:108D9000C00A10EE100A012802D0022865D194E022
:108DA000324890ED790AD0ED780A90ED7E1A30EED7
:108DB000600AB5EEC01AF1EE10FA03DD94F98E02E6
:108DC000002808DDB5EEC01AF1EE10FA05D894F8C7
:108DD0008E02012801D184ED388AB5EEC01A5846BA
:108DE000F1EE10FA94ED382ADBEDA71AF0EE420A04
:108DF00051EE800A60EE8A2A03DD94F98F12002971
:108E000008DDB5EEC01AF1EE10FA05D894F88F120D
:108E1000012901D184ED398AD4ED390A90EDD13A96
:108E2000F0EE601A43EE001A71EEA21A11EE901ADB
:108E3000494502DDC5ED348A08E011EE901A51452E
:108E400002D985ED349A01E0C5ED341AB5EEC01AA9
:108E5000F1EE10FA02EEA92A84ED382A08DD01218C
:108E600084F88E1284F88F1226E021E1241A00245F
:108E7000B5EEC01AF1EE10FA02D284F88E6209E063
:108E8000B5EEC01AF1EE10FA02D184F88E7201E04C
:108E900084F88E82B5EEC01AF1EE10FA02D284F890
:108EA0008F6209E0B5EEC01AF1EE10FA02D184F833
:108EB0008F7201E084F88F829BEDBC1A21EE000ACC
:108EC00040EE290AC4ED390AF2E0FE4958469BED0E
:108ED0008F1AD1ED7B0AD1ED7D1A91ED792AB0EE92
:108EE000600A01EEAA0A32EE40BAB0EECB0AB4EE46
:108EF000C01AF1EE10FA01DBB0EE48BAB4EEC01AB7
:108F0000F1EE10FA94ED350A90ED111A11EE0B0AFC
:108F100060EE0ACA1BD294ED340A90ED3B1A01EEC2
:108F20000B0A30EE2C0A10EE102A4A4502DDB0EE94
:108F3000680A05E010EE102A524501D9B0EE490A40
:108F400091ED78CA90EDE61A11EE00CA01E0B0EE9C
:108F500048CA91ED7E0AB5EEC00AF1EE10FA03DDC3
:108F600094F98C22002A08DDB5EEC00AF1EE10FA61
:108F700005D894F88C22012A01D184ED368AB5EE09
:108F8000C00AF1EE10FA94ED361AD0ED501A11EE37
:108F90008C1A21EE0ADA03DD94F98D22002A08DD0D
:108FA000B5EEC00AF1EE10FA05D894F88D22012A28
:108FB00001D184ED378A94ED370A9BED7A1A01EEE0
:108FC0000C0A30EE0D0A10EE100A484502DDC5ED20
:108FD000358A08E010EE100A504502D985ED359A21
:108FE00001E085ED350AB748A11D90ED7C0AA0F59A
:108FF000277030EEC00AF7F783FAB24894ED0E0AF4
:109000000146D0ED7D0A30EE200A85ED360ADBED13
:10901000260A94ED340A60EE8B0A00EEA90A84ED6C
:10902000340A94ED350A0CEEA90A84ED350A94ED64
:10903000360A0DEE290A84ED360A91ED7E0AB5EE68
:10904000C00AF1EE10FA05DD012184F88C1284F8D3
:109050008D1223E0B5EEC00AF1EE10FA02D284F8C8
:109060008C6209E0B5EEC00AF1EE10FA02D184F884
:109070008C7201E084F88C82B5EEC00AF1EE10FA31
:1090800002D284F88D6209E0B5EEC00AF1EE10FA62
:1090900002D184F88D7201E084F88D829BED650A1F
:1090A00060EE0C0A94ED370A00EEA90A84ED370A47
:1090B000844890ED810ABDEEC00A10EE100A012826
:1090C00002D0022875D192E07E48D0ED800A90ED62
:1090D0007F1A90ED850A70EEC11AB5EEC00AF1EE66
:1090E00010FA03DD94F98A02002808DDB5EEC00A03
:1090F000F1EE10FA05D894F88A02012801D184ED26
:10910000328AB5EEC00A5846F1EE10FA94ED322AD2
:109110009BEDA81AF0EE420A51EE210A60EE8A2A6F
:1091200003DD94F98B12002908DDB5EEC00AF1EEDB
:1091300010FA05D894F88B12012901D184ED338AF5
:10914000D4ED330A90EDD23AB0EE601A03EE211A54
:1091500031EE221A11EE101A494502DDC5ED378AAB
:1091600008E011EE101A514502D985ED379A01E059
:1091700085ED371AB5EEC00AF1EE10FA02EEA92A13
:1091800084ED322A05DD012184F88A1284F88B12DD
:1091900024E0B5EEC00AF1EE10FA02D284F88A6239
:1091A0000AE0B5EEC00AF1EE10FA03D184F88A7233
:1091B00002E011E184F88A82B5EEC00AF1EE10FAFD
:1091C00002D284F88B6209E0B5EEC00AF1EE10FA23
:1091D00002D184F88B7201E084F88B829BEDBD0A8A
:1091E00020EE210A40EE290AC4ED330AF4E03549A5
:1091F00058469BED901AD1ED820AD1ED841A91ED7B
:10920000802AB0EE600A01EEAA0A32EE40BAB0EE51
:10921000CB0AB4EEC01AF1EE10FA01DBB0EE48BA98
:10922000B4EEC01AF1EE10FA94ED2F0A90ED121A76
:1092300011EE0B0A60EE0ACA1BD294ED2E0A90EDD5
:109240003C1A01EE0B0A30EE2C0A10EE102A4A45A9
:1092500002DDB0EE680A05E010EE102A524501D991
:10926000B0EE490A91ED7FCA90EDE71A11EE00CAFF
:1092700001E0B0EE48CA91ED850AB5EEC00AF1EE04
:1092800010FA03DD94F98822002A08DDB5EEC00A41
:10929000F1EE10FA05D894F88822012A01D184ED64
:1092A000308AB5EEC00AF1EE10FA94ED301AD0ED26
:1092B000511A11EE8C1A21EE0ADA06DD94F9892290
:1092C000002A01E0241A002408DDB5EEC00AF1EE00
:1092D00010FA05D894F88922012A01D184ED318A47
:1092E00094ED310A9BED7B1A01EE0C0A30EE0D0A6B
:1092F00010EE100A484502DDC5ED388A08E010EE90
:10930000100A504502D985ED389A01E085ED380AFA
:10931000FE48211D90ED830AA0F5287030EEC00AAA
:10932000F7F7EEF8F94894ED0D0AD0ED840A30EE27
:10933000200A85ED390ADBED270A94ED2E0A60EE4E
:109340008B0A00EEA90A84ED2E0A94ED2F0A0CEE8A
:10935000A90A84ED2F0A94ED300A0DEE290A84ED56
:10936000300A90ED850AB5EEC00AF1EE10FA05DD7F
:10937000012084F8880284F8890223E0B5EEC00A4F
:10938000F1EE10FA02D284F8886209E0B5EEC00A64
:10939000F1EE10FA02D184F8887201E084F8888234
:1093A000B5EEC00AF1EE10FA02D284F8896209E043
:1093B000B5EEC00AF1EE10FA02D184F8897201E02C
:1093C00084F889829BED660A60EE0C0A94ED310AFE
:1093D00000EEA90A84ED310ACC4890ED880ABDEE72
:1093E000C00A10EE100A012802D0022875D192E0BE
:1093F000C64890ED870AD0ED860A90ED8C2A30EEB3
:10940000600AB5EEC02AF1EE10FA03DD94F9860287
:10941000002808DDB5EEC02AF1EE10FA05D894F860
:109420008602012801D184ED2C8AB5EEC02A584667
:10943000F1EE10FAD4ED2C1A9BEDA91AF0EE610AA8
:1094400051EE000A60EE8A2A03DD94F987120029A2
:1094500008DDB5EEC02AF1EE10FA05D894F88712AF
:10946000012901D184ED2D8A94ED2D1A90EDD33A86
:10947000F0EE410A43EE000A70EEA20A10EE901AD6
:10948000494502DDC5ED3A8A08E010EE901A5145D3
:1094900002D985ED3A9A01E0C5ED3A0AB5EEC02A47
:1094A000F1EE10FA42EEA91AC4ED2C1A05DD0121E5
:1094B00084F8861284F8871224E0B5EEC02AF1EE13
:1094C00010FA02D284F886620AE0B5EEC02AF1EE04
:1094D00010FA03D184F8867202E00EE184F88682E5
:1094E000B5EEC02AF1EE10FA02D284F8876209E0E4
:1094F000B5EEC02AF1EE10FA02D184F8877201E0CD
:1095000084F88782DBEDBE0A20EE800A00EE291A7D
:1095100084ED2D1AF1E07D4958469BED911AD1ED6D
:10952000890AD1ED8B1A91ED872AB0EE600A01EE1F
:10953000AA0A32EE40BAB0EECB0AB4EEC01AF1EE8F
:1095400010FA01DBB0EE48BAB4EEC01AF1EE10FA30
:1095500094ED290A90ED131A11EE0B0A60EE0ACA77
:109560001BD294ED280A90ED3D1A01EE0B0A30EE65
:109570002C0A10EE102A4A4502DDB0EE680A05E01A
:1095800010EE102A524501D9B0EE490A91ED86CA73
:1095900090EDE81A11EE00CA01E0B0EE48CA91ED74
:1095A0008C0AB5EEC00AF1EE10FA03DD94F98422BC
:1095B000002A08DDB5EEC00AF1EE10FA05D894F8DD
:1095C0008422012A01D184ED2A8AB5EEC00AF1EE87
:1095D00010FA94ED2A1AD0ED521A11EE8C1A21EEDF
:1095E0000ADA03DD94F98522002A08DDB5EEC00A07
:1095F000F1EE10FA05D894F88522012A01D184ED04
:109600002B8A94ED2B0A9BED7C1A01EE0C0A30EEAE
:109610000D0A10EE100A484502DDC5ED3B8A08E050
:1096200010EE100A504502D985ED3B9A01E085ED18
:109630003B0A3648A11C90ED8A0AA0F5297030EE4D
:10964000C00AF6F75DFF314894ED0C0AD0ED8B0AA5
:1096500030EE200A85ED3C0ADBED280A94ED280A5D
:1096600060EE8B0A00EEA90A84ED280A94ED290A1F
:109670000CEEA90A84ED290A94ED2A0A0DEE290AB6
:1096800084ED2A0A90ED8C0AB5EEC00AF1EE10FACC
:1096900005DD012084F8840284F8850223E0B5EE1C
:1096A000C00AF1EE10FA02D284F8846209E0B5EE45
:1096B000C00AF1EE10FA02D184F8847201E084F855
:1096C0008482B5EEC00AF1EE10FA02D284F8856207
:1096D00009E0B5EEC00AF1EE10FA02D184F8857205
:1096E00001E084F885829BED670A60EE0C0A94ED38
:1096F0002B0A00EEA90A84ED2B0A044890ED8F0A8C
:10970000BDEEC00A10EE100A012801E0241A002460
:1097100002D0022875D192E0CD4890ED8E0A90EDEE
:109720008D1AD0ED930A70EE411AF5EEC00AF1EEF3
:1097300010FA03DD94F98202002808DDF5EEC00A74
:10974000F1EE10FA05D894F88202012801D184EDD7
:10975000268AF5EEC00A5846F1EE10FA94ED262A54
:109760009BEDAA1AB0EE420A11EE210A60EE0A2A17
:1097700003DD94F98312002908DDF5EEC00AF1EE4D
:1097800010FA05D894F88312012901D184ED278AB3
:1097900094ED270A90EDD43AB0EE401A03EE211A68
:1097A00031EE221A11EE101A494502DDC5ED3D8A4F
:1097B00008E011EE101A514502D985ED3D9A01E0FD
:1097C00085ED3D1AF5EEC00AF1EE10FA02EEA92A77
:1097D00084ED262A05DD012184F8821284F88312A3
:1097E00024E0F5EEC00AF1EE10FA02D284F88262AB
:1097F0000AE0F5EEC00AF1EE10FA03D184F88272A5
:1098000002E00DE184F88282F5EEC00AF1EE10FA72
:1098100002D284F8836209E0F5EEC00AF1EE10FA94
:1098200002D184F8837201E084F88382DBEDBF0A01
:1098300060EEA10A00EEA90A84ED270AF0E0844850
:1098400059469BED921AD0ED900AD0ED921A90ED08
:109850008E2AB0EE600A01EEAA0A32EE40BAB0EEED
:10986000CB0AB4EEC01AF1EE10FA01DBB0EE48BA42
:10987000B4EEC01AF1EE10FA94ED230A91ED141A29
:1098800011EE0B0A20EE0ACA1BD294ED220A91EDCA
:109890003E1A01EE0B0A30EE0C0A10EE102A4A4571
:1098A00002DDB0EE680A05E010EE102A524501D93B
:1098B000B0EE490AD0ED8DAA91EDE91A51EE00AA59
:1098C00001E0F0EE48AA90ED930AB5EEC00AF1EE81
:1098D00010FA03DD94F98022002A08DDB5EEC00AF3
:1098E000F1EE10FA05D894F88022012A01D184ED16
:1098F000248AB5EEC00AF1EE10FA94ED241AD1EDE7
:10990000531A11EEAA1A21EE0AAA03DD94F9812254
:10991000002A08DDB5EEC00AF1EE10FA05D894F879
:109920008122012A01D184ED258A94ED250A9BED3F
:109930007D1A01EE2A0A30EE0A0A10EE101A494585
:1099400002DDC5ED3E8A08E010EE101A514502D93D
:1099500085ED3E9A01E085ED3E0A90ED910A3D4984
:10996000814630EEC00A01F12C00F6F7C9FDD9EDB1
:10997000920A94ED0B0A30EE200A85ED3F0ADBEDEA
:10998000290A94ED220A60EE8B0A00EEA90A84ED02
:10999000220A94ED230A0CEE290A84ED230A94EDA1
:1099A000240A0AEE290A84ED240A99ED930AB5EEF9
:1099B000C00AF1EE10FA05DD012184F8801284F866
:1099C000811223E0B5EEC00AF1EE10FA02D284F85B
:1099D000806209E0B5EEC00AF1EE10FA02D184F817
:1099E000807201E084F88082B5EEC00AF1EE10FAD0
:1099F00002D284F8816209E0B5EEC00AF1EE10FAF5
:109A000002D184F8817201E084F881829BED680ABA
:109A100060EE2A0A94ED250A00EEA90A84ED250AD3
:109A20000B489BED940AD0ED060A60EE200A94EDF7
:109A3000200A00EEA90A84ED200A94ED210A0BEE1B
:109A4000A90A84ED210ABDEC0C8BBDE8F09F000053
:109A5000241A002450170024B7EEC22B5B4A0128B9
:109A6000B7EEC11BB7EEC00B0BD0022842D00328C3
:109A700015D1082913D2DFE801F012777E858C9387
:109A80009AA108290BD2DFE801F00A040B12192071
:109A9000272E82ED962A82EDAB1A82EDC00A70471E
:109AA00082ED972A82EDAC1A82EDC10A704782EDF1
:109AB000982A82EDAD1A82EDC20A704782ED992A8A
:109AC00082EDAE1A82EDC30A704782ED9A2A82EDCA
:109AD000AF1A82EDC40A704782ED9B2A82EDB01A5C
:109AE00082EDC50A704782ED9C2A82EDB11A82EDA3
:109AF000C60A70470829FCD2DFE801F004050C1300
:109B00001A21282FF5E782ED9D2A82EDB21A82ED07
:109B1000C70A704782ED9E2A82EDB31A82EDC80A09
:109B2000704782ED9F2A82EDB41A82EDC90A704710
:109B300082EDA02A82EDB51A82EDCA0A704782ED45
:109B4000A12A82EDB61A82EDCB0A704782EDA22AD5
:109B500082EDB71A82EDCC0A704782EDA32A82ED1E
:109B6000B81A82EDCD0A704782EDA42A82EDB91AA7
:109B700082EDCE0A704782EDA52A82EDBA1A82EDF7
:109B8000CF0A704782EDA62A82EDBB1A82EDD00A79
:109B9000704782EDA72A82EDBC1A82EDD10A704788
:109BA00082EDA82A82EDBD1A82EDD20A704782EDBD
:109BB000A92A82EDBE1A82EDD30A704782EDAA2A45
:109BC00082EDBF1A82EDD40A7047000030000024F5
:109BD000704700002DE9F047454D044689464FF097
:109BE000000A2868C04380070AD0414E283E3068EA
:109BF00020F080603060F9F789F80746B04608E049
:109C00000120BDE8F08700BFF9F780F8C01B0228EB
:109C100067D8D8F800000001F6D4206829684FF40E
:109C2000FE0721F47C313E0241EA00302860207AB0
:109C3000A389B4F804C040022D4D2D495B1E227C3F
:109C4000ACF1010C1035091DA0F5007080B2521E58
:109C5000CCF3080C07EA034340EA0C00184306EA79
:109C60000262104328600868626920F0C000104357
:109C700008600A68A06922F0200202430A60281DD9
:109C80000A6822F010020A6002684FF6F873E4696D
:109C90009A4342EAC40202600868B9F1000F40F03A
:109CA00010020A6011D00868B9F1010F11D040F418
:109CB00000100860D8F80000444640F08060C8F802
:109CC0000000F9F723F805460DE0086840F400208D
:109CD000EFE740F48010ECE7F9F718F8401B022892
:109CE00001D903208DE720680001F5D5504688E7AB
:109CF000284402582DE9F047454D044689464FF067
:109D0000000A2868C04380070AD0414E283E3068C8
:109D100020F080503060F8F7F9FF0746B04608E0C1
:109D20000120BDE8F08700BFF8F7F0FFC01B022854
:109D300067D8D8F800008000F6D4208829684FF44E
:109D4000FE0721F07C713E0241EA00502860207A33
:109D5000A389B4F804C040022D4D2D495B1E227C1E
:109D6000ACF1010C1835091DA0F5007080B2521E2F
:109D7000CCF3080C07EA034340EA0C00184306EA58
:109D80000262104328600868626920F44060104352
:109D900008600A68A06922F4007202430A60281D64
:109DA0000A6822F480720A6002684FF6F873E46968
:109DB0009A4342EAC40202600868B9F1000F40F415
:109DC00080720A6011D00868B9F1010F11D040F01B
:109DD00080700860D8F80000444640F08050C8F811
:109DE0000000F8F793FF05460DE0086840F4800096
:109DF000EFE740F40000ECE7F8F788FF401B02288B
:109E000001D903208DE720688000F5D5504688E70A
:109E1000284402580F49104830B5B1F8013003808A
:109E2000B1F803404480B1F805508580C58845816C
:109E300005890A4A8581C3800481B1F807301380FF
:109E4000B1F809305380B1F80B309380B1F80D10A0
:109E5000818330BD38040024741D0024F8030024DD
:109E60007047000001490870704700001C00002482
:109E7000F8F752BFF0B59DB04C216846F6F78EFA60
:109E8000202113A8F6F78AFA0220F9F737F81E48BE
:109E9000016821F4404101600168002401F440415F
:109EA0001B9101688904FCD50220099001210D91C4
:109EB000C20305236026CDE900120AAA042708255B
:109EC00082E84900CDE90E70CDE91054684612943D
:109ED000FAF742F808B172B6FEE740201A903F2127
:109EE0000301CDE916500322CDE9180313AB13A8E3
:109EF00083E816001146F9F71FFE002801D072B65C
:109F0000FEE71DB0F0BD0000184802582748F0B524
:109F1000274A016841F470010160106800F00F00E9
:109F2000072804D2106820F00F00C01D10602149DE
:109F30000020204C10340B681F4D43F001030B60D0
:109F400020600B682B400B60136803F00F03072B96
:109F500004D9136823F00F03DB1D1360154C174A57
:109F60001834174B261D371D2060124C154D283410
:109F70003060261D3860371D23603B1D35601C1D79
:109F80003A60251D2E1D1860331D22602860326046
:109F900018600A6843F2D204064B0B4D22F480226B
:109FA00060330A6018602C60F0BD000088ED00E0AE
:109FB00000200052004402587FEDF6EA80020101C1
:109FC000000202020000FF01004000520148FAF7BF
:109FD0006ABB0000A40600242DE9F0472A4B4FF08D
:109FE000804A2A4D02689842294E2A4F2A4C09D0AD
:109FF000504507D0A84205D0B04203D0B84201D0A6
:10A00000A04205D1D1F804C022F070024CEA02024D
:10A01000DFF888C0DFF888809842DFF8889015D094
:10A02000504513D0A84211D0B0420FD0B8420DD045
:10A03000A0420BD0604509D0404507D0484505D027
:10A04000194DA84202D0194DA84203D1CD6822F47F
:10A0500040722A434D6922F080022A4302609842EE
:10A060008A68C2620A68826207D0A04205D0604551
:10A0700003D0404501D0484501D109690163012160
:10A080004161BDE8F087000000000140000400408D
:10A0900000080040000C0040000401400040014066
:10A0A000004401400048014000E0004000E400405E
:10A0B00030B5416EB9B101680D4B03F108048A68EF
:10A0C0008968C2F34262490F5D5C615C2D01B5FB9A
:10A0D000F1F1A0F86A10995CA25C0901B1FBF2F100
:10A0E000A0F8681030BD0121A0F86A10F8E7000060
:10A0F00030E8000890F82810C90706D00168C36A44
:10A100004A6822F400321A434A6090F828108907FE
:10A1100006D50168036B4A6822F480321A434A600C
:10A1200090F82810490706D50168436B4A6822F465
:10A1300080221A434A6090F82810090706D5016862
:10A14000836B4A6822F400421A434A6090F8281050
:10A15000C90606D50168C36B8A6822F480521A4387
:10A160008A6090F82810890606D50168036C8A6811
:10A1700022F400521A438A6090F82810490611D53B
:10A180000168436C4A6822F480121A434A60416CA9
:10A19000B1F5801F06D10168836C4A6822F4C002C1
:10A1A0001A434A6090F82810090606D50168C26C67
:10A1B000486820F400201043486070472DE9F843B8
:10A1C00000250446C0F89050F8F7A0FD80462068AE
:10A1D00020266FF07E470068000713D50022434613
:10A1E00031042046009700F045FB58B1216851E842
:10A1F000000F20F0800041E80002002AF6D1C4F8E8
:10A20000886021E020680068400722D5002243468C
:10A210004FF480012046009700F02CFBC8B1206865
:10A2200050E8001F21F4907140E80012002AF6D196
:10A230002068083050E8001F21F0010140E80012BA
:10A24000002AF5D1C4F88C60032084F88450BDE85E
:10A25000F883C4F88860C4F88C60E5662567002040
:10A2600084F88450F3E710B5806B0021A0F85E10ED
:10A27000A0F85610FAF775FB10BD70B5846B002579
:10A280002168D4F88800D4F88C608968090606D55E
:10A29000212804D1A4F85650204600F091F82068F7
:10A2A0008068400606D5222E04D1A4F85E502046D0
:10A2B00000F05CF8D4F8900040F01000C4F8900072
:10A2C0002046FAF74EFB70BD10B5C1690022806BC5
:10A2D000B1F5807F2DD0A0F85E20036853E8001F01
:10A2E00021F4807143E80014002CF6D10168083194
:10A2F00051E8003F23F0010341E80034002CF5D180
:10A300000168083151E8003F23F0400341E8003480
:10A31000002CF5D12021C0F88C10C16E012908D184
:10A32000016851E8003F23F0100341E80034002C9D
:10A33000F6D10267C16E012902D0FAF7DDFD10BD2A
:10A34000B0F85C10FAF7BDFA10BD10B5806B0121B2
:10A350000167C16E012902D0FAF7FCFD10BDB0F80B
:10A360005C104908FAF7ADFA10BD000010B502689C
:10A3700052E8001F21F4907142E80013002BF6D13F
:10A380000E4B0268083252E8001F194042E80014E0
:10A39000002CF6D1C16E012908D1026852E8001FD5
:10A3A00021F0100142E80013002BF6D100212022F9
:10A3B000C0F88C20C166416710BD0000FEFFFFEFB2
:10A3C000026852E8001F21F0C00142E80013002B90
:10A3D000F6D10168083151E8002F22F4000241E86B
:10A3E0000023002BF5D12021C0F888107047000011
:10A3F0002DE9F04304468068E24E87B0E24B2168C5
:10A40000D4E90427D4F81CC010430A68002547EAA1
:10A410000C073843324002430A602068E268416812
:10A4200021F44051114341602268A1699A4201D050
:10A43000206A01439668DFF854C3D54FD54806EA31
:10A440000C060E4396602168666ACA6A22F00F0203
:10A450003243CA622268BA420ED1006800F0380066
:10A4600018286FD07ADCB8B308286CD010286BD1CC
:10A470008BE0282868D18EE0C7498A4209D100685C
:10A4800000F0070006285FD2DFE800F0507D7F81F2
:10A490008385C2498A4209D1006800F00700062876
:10A4A0007BD2DFE800F0437072747678BC498A4250
:10A4B00009D1006800F0070006286ED2DFE800F03E
:10A4C00036636567696BB7498A420BD1006800F053
:10A4D0000700062861D200E043E0DFE800F02754DF
:10A4E00056585A5CB0498A4206D1006800F03800DC
:10A4F00018284CD0B7DD31E0AC498A4209D1006858
:10A5000000F00700062848D2DFE800F0103D3F4188
:10A510004345A7498A420BD1006800F0070006288E
:10A520003BD2DFE800F0033032343638002035E02B
:10A53000A0498A4209D1006800F03800182826D0C6
:10A5400091DD0BE023E01EE027E09B498A420AD11F
:10A55000006800F03800182819D084DD202888D140
:10A560001CE001201AE09A4217D18A48001D0068B9
:10A5700000F00700062810D2DFE800F00305070905
:10A580000B0D02200AE0042008E0082006E010205D
:10A5900004E0202002E0402000E080208749DFF82E
:10A5A00020829A42874A4FF400434FEA21174FF026
:10A5B00000064ED110281AD006DC022809D0042843
:10A5C0000BD008287ED10DE020283ED0402879D13C
:10A5D0003DE0F8F7BDFC014610E06846F8F7CAFC1C
:10A5E00001990BE003A8F8F767FD049906E01068ED
:10A5F000800605D51068C0F3C100C140002970D0A5
:10A60000606A676838F8102007EB4703B1FBF2F087
:10A61000834257D8B0EB073F54D800230846194669
:10A62000F5F772FE02467808130E120243EA012182
:10A6300010183A4671410023F5F766FE624AA0F50C
:10A64000407191423ED821688FE03946D8E71946DB
:10A65000D6E7D4F81CC04FF6EF799C4546D10828C0
:10A6600019D005DC58B101280CD0042875D10DE0B3
:10A67000102815D0202835D040286ED134E0F9F7C5
:10A68000ABFB01E0F9F7BAFB014610E06846F8F7CA
:10A6900071FC01990BE003A8F8F70EFD049906E0A0
:10A6A0001068800604D51068C0F3C100C140C1B174
:10A6B000636A606838F81330B1FBF3F1490001EBCD
:10A6C000500100E049E0B1FBF0F0A0F11001494574
:10A6D00043D84FF6F0732168C0F34202184010438C
:10A6E00043E043E03946E3E71946E1E7082819D09B
:10A6F00005DC58B101280CD004282ED10DE010281B
:10A7000015D020282BD0402827D12AE0F9F764FB68
:10A7100001E0F9F773FB014610E06846F8F72AFC00
:10A7200001990BE003A8F8F7C7FC049906E010684C
:10A73000800604D51068C0F3C100C140B1B1636A9E
:10A74000606838F81330B1FBF3F101EB5001B1FB55
:10A75000F0F0A0F11001494505D9012506E0394680
:10A76000EDE71946EBE7216880B2C8600120A4F844
:10A770006A00A4F8680028466667A66707B0BDE8C7
:10A78000F0830000F369FFCF000C0058FFF4FF11C5
:10A79000001001405444025800440040004800406A
:10A7A000004C004000500040001401400078004080
:10A7B000007C004000180140001C01400090D003C4
:10A7C00018E8000800440258FFFC0F0070B504466A
:10A7D000D0F8800000232225A165A4F85C20C4F8ED
:10A7E0009030C4F88C50F0B11F49C163D4F8801088
:10A7F0001E480864D4F880101D48C864D4F880004E
:10A8000003651346A56D2168D4F880002A462431DB
:10A81000F7F778FA38B11021C4F890102020C4F866
:10A820008C00012070BD206940B1216851E8000F03
:10A8300040F4807041E80002002AF6D12068083018
:10A8400050E8001F41F0010140E80012002AF5D154
:10A850002068083050E8001F41F0400140E8001235
:10A86000002AF5D1002070BDC9A200084BA3000842
:10A870007BA200082DE9F047994617460E4604468C
:10A88000089D4FF000082FE0681C2DD0F8F73EFA25
:10A89000A0EB0900A84214D89DB1206801684907BF
:10A8A00022D5C169C94309070DD408250562204690
:10A8B000FFF75CFDC4F89050012084F88480BDE867
:10A8C000F0870320FBE7C069C04300050CD4216872
:10A8D0004FF4006008622046FFF748FD2021C4F8CD
:10A8E000901084F88480ECE72068C06936EA0000A4
:10A8F00004D00020B842C7D00020E0E70120F9E7EB
:10A900000148FAF72FB8000084070024FEE703B4DB
:10A9100001984100009850EAC12018BF04204A0D58
:10A9200018BF40F0010040F2FF72B2EB515F08BF68
:10A9300040F00200012808BF052002B07047090757
:10A9400000284FEA116104DB00F1E02080F80014D8
:10A95000704700F00F0000F1E02080F8141D7047F0
:10A9600070B565482DED020B2DED048B059D25F08E
:10A970000044A04218DC6148844202DC0AD10498F9
:10A9800040B19DED040BBDEC048B02B0BDE87040FE
:10A9900001F0BEB9002DCCBF9FED590B9FED5A0BB6
:10A9A000BDEC048B02B070BD5948A04215DD59487A
:10A9B000A042D8BF4FF0FF3455DD9DED040B51ECA4
:10A9C000100BFFF7A4FF042808BF01F0C1F99DEDAB
:10A9D000040BBDEC048B02B070BD9DED040B51EC7B
:10A9E000100B02F0A9F8CDE904014B489FED4C0B88
:10A9F000A0421CDD4C48A0420BDD9DED042B002441
:10AA00009FED4B1B12EE010B32EE011B80EE012B72
:10AA100027E09DED041B9DED042B012431EE401B2E
:10AA200032EE000B81EE002B8DED042B1BE0424833
:10AA3000A0420FDD9DED042B02249FED411B9DEDF7
:10AA4000043B32EE412B03EE010B82EE001B8DED39
:10AA5000041B08E09DED040B9FED3B1B032481EEDE
:10AA6000002B8DED042B9DED040B3948062120EEC3
:10AA7000009B29EE098BB0EE480B784401F0ACF84E
:10AA800020EE099B3348B0EE480B0521784401F0D5
:10AA9000A3F820EE080B002C0BDA9DED042B39EE09
:10AAA000001B9DED040BBDEC048B02B002EE410BCC
:10AAB00070BD2948784439EE000B00EBC4009DEDD1
:10AAC000042B90ED001B254812EE001B9DED040B9E
:10AAD00031EE400B784400EBC400002D90ED001BDC
:10AAE00031EE400BB8BFB1EE400BBDEC048B02B0B1
:10AAF00070BD000000000000000010440000F07F66
:10AB0000182D4454FB21F93F182D4454FB21F9BF63
:10AB10000000DC3F0000203E0000F33F000000008A
:10AB2000000000000000F03F0000E63F00000000D1
:10AB30000000000000000040008003400000000012
:10AB4000000000000000F83F000000000000F0BF1F
:10AB5000C23E0000883E0000403E0000003E000073
:10AB600070B5614E2DED040B2DED048B82B0DDF838
:10AB700024C0DDE907235C422CF000411C4341EA7C
:10AB8000D474069D22F00040B44205D86C422C4398
:10AB900040EAD474B4420BD99DED081B9DED060B21
:10ABA00002B0BDEC048B04B0BDE8704001F0B3B856
:10ABB000ACF14054A4F17F641C430BD0022404EA9E
:10ABC000AC7444EAD27405439FED498B9FED4A2B48
:10ABD0000DD016E09DED060B51EC100B01F0AAFA1A
:10ABE00041EC100B02B0BDEC048B04B070BD002C26
:10ABF00014BF012C9DED060BF4D0022C2ED0032C9B
:10AC00002FD00B439FED3E1B9FED3F0B0AD0B1426F
:10AC10001DD1B04209D121F0804120F0804009913E
:10AC2000079014E0002ADDDA15E0394B7B44002C54
:10AC300008BF93ED000BD5D0012C04BF93ED000BA2
:10AC4000B1EE400BCED0022C08D0032C09D0B0427C
:10AC50000AD1002AC6DAB0EE410BC3E7B0EE480BCA
:10AC6000C0E7B0EE420BBDE7401A00159FED2A9BEE
:10AC70003C28C8BF8DED000B15DCBCF1000FBCBF3C
:10AC800010F13C0F8DED009B0DDB9DED061B9DED46
:10AC9000082B81EE020B51EC100B01F04DFF01F07F
:10ACA00049FACDE9000194B1012C0CD09DED001BB7
:10ACB0009FED1B0B022C31EE400B0CBF38EE400B0E
:10ACC00030EE480B8EE7019880F0004001909DED3A
:10ACD000000BB4EE490BF1EE10FA04BF022001F0B4
:10ACE00053F89DED000B7DE70000F07F00000000B1
:10ACF000182D4454FB210940182D4454FB2109C050
:10AD0000182D4454FB21F9BF182D4454FB21F93F61
:10AD1000703D000000000000000000000000000086
:10AD2000075C143326A6A13C10B529499FED261BCC
:10AD30002DED020B84B0059820F000408842D8BF6A
:10AD40009DED040B2DDD2349884209D1049840B9BB
:10AD50004FF0010001F018F800F0E2FF06B010BD5E
:10AD600005DB9DED040B30EE000B06B010BD684610
:10AD70009DED040B00F038FD10F0030004BF9DEDC5
:10AD8000021B9DED000B0CD001280ED09DED021B87
:10AD90009DED000B022810D0012000F055FF06B0F9
:10ADA00010BD00F0A9FE06B010BD9DED021B9DED8B
:10ADB000000B012000F048FF01E000F09DFE06B00E
:10ADC000B1EE400B10BD00000000000000000000CC
:10ADD000FB21E93F0000F07F2DE9F04D2DED040B44
:10ADE0002DED0A8B9AB0DDE92550279CDDF890A067
:10ADF00025F0004624F00048BAF1000F14BF0121ED
:10AE0000002101EB4502F84953184A1093422AD316
:10AE1000002814BF0123002303EB44030B44F34930
:10AE20008B4220D358EA00019FEDF19B72D0DFF8EE
:10AE3000C8B35D4503D1BAF1000F05D184E0BAF182
:10AE4000000F08BF002100D0012101EB450111F5E1
:10AE5000001F08D8002814BF0121002101EB440184
:10AE600011F5001F0BD99DED261B9DED240B1AB08B
:10AE7000BDEC0A8B04B0BDE8F04D00F04CBF0027DC
:10AE8000002DBCBFDD49884521DADD498845A8BFD2
:10AE900002271CDAC3451ADCDA4901EB28511429D0
:10AEA00008DDC1F1340220FA02F101FA02F2824215
:10AEB0000DD108E058B9C1F1140228FA02F101FAE3
:10AEC00002F2424503D101F00101C1F1020756EA45
:10AED0000A0120D1002C1EDA002D18BF022F01D04C
:10AEE000012F0AD0022000F04FFF1AB0BDEC0A8BF0
:10AEF00004B0BDE8F04D00F0FBBE022000F044FFBE
:10AF000000F0F6FEB1EE400B1AB0BDEC0A8B04B0B7
:10AF1000BDE8F08D18E09FEDBCAB9FEDBD8B002828
:10AF20007DD1B64880451CD105F1804010F58010D8
:10AF300008BFBAF1000F07D0B34508DC002CA8BF4A
:10AF40009DED260BE0DA07E0B0EE490BDCE7002CC4
:10AF5000B8BF9DED260BD5DBAF48784490ED000BD4
:10AF6000D2E7D84548D1002C43DA2EB186423AD1F7
:10AF7000BAF1000F3DD126E0BAF1000F13D0022044
:10AF800000F002FF00F0D8FE8DED020B9DED240BCA
:10AF90008DED000B10EE900A039961F31E000390F3
:10AFA0009DED020BB0E78DED02AB9DED240B1AEE8B
:10AFB000901A10EE900A8DED000B61F31E000390C5
:10AFC0009DED020BA0E78DED028B9DED240B18EE9D
:10AFD000901A10EE900A8DED000B61F31E000390A5
:10AFE0009DED020B90E704DA9DED241B89EE010B29
:10AFF0008AE79DED240B87E786421ADAB4F1804F89
:10B0000004BF9DED240B20EE000B3FF47DAFA4F1B7
:10B010000050B0F1FF500CD1002D0ADB00E008E039
:10B020009DED240B51EC100B03F07AFB41EC100B5F
:10B030006AE79DED240B51EC100B01F07DFDBAF198
:10B04000000FCDE90E0140D19FED750B46B3A6F17F
:10B05000E040B0F17F600ED05E4536D1002D00DAC1
:10B0600097B3022F0CBF01204FF0FF3000EE100A03
:10B07000B8EEC00B48E7002D01DD002C0DDA002DE5
:10B0800001DD002C1DDB002D14DA002C12DB012F5A
:10B0900008BF9FED650B3FF437AFB0EE4A0B33E7C7
:10B0A000022F18BF002D0CD0012F0AD1002DFFF662
:10B0B0002BAF06E0002DB8BF002C06DA012F3FF4BD
:10B0C00023AFB0EE480B1FE719E0012000EBE5705D
:10B0D00050EA070113D0791EB0EE498B084308BF30
:10B0E0009FED538B5448002580457ADD53495448E1
:10B0F000884514DDB0420DDB002C19DB2CE001206B
:10B1000000F042FE1AB0BDEC0A8B04B0BDE8F04D71
:10B1100000F006BEB34502DC002C09DC1CE08642D0
:10B1200002DA002C18DA03E05E4528DD002C13DD7E
:10B13000022000F029FE00F0FFFD8DED020B28EE4D
:10B140000A0B8DED000B10EE900A039961F31E00BF
:10B1500003909DED020BD7E6022000F015FE00F0F3
:10B16000F7FD10EE901A18EE900A8DED020B8DEDA2
:10B17000008B61F31E0003909DED020BC4E69DED74
:10B180000E0B9FED313B30EE490B8DED040B20EEA5
:10B19000002B9DED041B9FED2E0B01EE430B9DED4F
:10B1A000043B9FED2D1B03EE401B9DED040B9FED1B
:10B1B0002E3B22EE012B9FED2A1B20EE011B20EEE1
:10B1C000030B9FED2B3B02EE430B31EE002B8DED7D
:10B1D000022B02959DED022B32EE411B30EE411BFE
:10B1E00021E149E000000000FFFF1F00FFFF0F000A
:10B1F000000000000000F03F0000F03F0000F07F82
:10B200000000404301FCFFFF000000000000F07F51
:10B210000000000000000000423A000000000000B2
:10B220000000000000000080000000000000F0FFAF
:10B23000000000000000F0BF0000E0410000F0430B
:10B24000FFFFEF3F00000000000000000000D03FC3
:10B25000555555555555D53F000000000000E03FBD
:10B26000000000604715F73F44DF5DF80BAE543E29
:10B27000FE822B654715F73F0020B6F5801F0BDADD
:10B280009DED0E0B9FEDEC1B6FF0340020EE010BDB
:10B2900010EE906A8DED0E0BE94A00EB2650C6F3D6
:10B2A0001301A0F2FF3741F07F6040F0405091421F
:10B2B000D8BF002408DDE34A8A42C8BF012403DC6A
:10B2C0000024A0F580107F1CDF49794401EBC40104
:10B2D0000F9091ED001B9DED0E2B9DED0E0BDB49AC
:10B2E00031EE023B30EE410B89EE032B20EE02AB38
:10B2F0008DED02AB7944029591ED003B4FF000518A
:10B3000041EA600000EB84408DED043B00F5002035
:10B3100005909DED043B9DED044B2AEE0ACB33EEE8
:10B32000411B9DED0E3BCA48062133EE411B9DEDAE
:10B33000023B03EE440B03EE410B20EE02BBB0EEEA
:10B340004C0B784400F048FC2CEE0C1B20EE010B5B
:10B350009DED021B31EE0A1B0BEE010B9DED021B56
:10B3600021EE011B9FEDBC2B31EE023B33EE003B87
:10B370008DED043B04959DED043B33EE422B32EE04
:10B38000411B30EE412B9DED020B9DED041B20EE89
:10B39000011B9DED040B2BEE000B02EE0A0B31EEB0
:10B3A000002B8DED022B02959DED022B32EE411B01
:10B3B00030EE410B9DED021B9FEDA92B21EE021BF0
:10B3C0009DED022B9FEDA83B22EE032B9FEDA83BAA
:10B3D000A94800EE032B784400EBC40090ED000B6D
:10B3E000A64832EE000B02EE107AB8EEC22B8DEDBD
:10B3F000042B31EE003B784400EBC4009DED044B80
:10B4000090ED002B33EE023B33EE043B8DED023B1F
:10B4100002959DED023B33EE443B33EE422B32EE80
:10B42000411B30EE411B9DED260B954A8DED000B27
:10B4300000959DED260B9DED002B30EE420B9DED12
:10B44000022B20EE020B9DED262B02EE010B9DED53
:10B45000001B9DED022B21EE021B8DED021B30EE39
:10B46000011B11EE900A11EE101A8DED001B904297
:10B4700024DB821A11430ED19FED831B9DED002B1F
:10B480009DED023B30EE011B32EE432BB4EEC21BAE
:10B49000F1EE10FA26DD022000F076FC00F04CFC04
:10B4A00010EE901A18EE900A8DED020B8DED008BC8
:10B4B00061F31E0003909DED020B25E5744B20F017
:10B4C00000429A420ED3734A024411437FF444AEC1
:10B4D0009DED022B31EE421BB4EEC01BF1EE10FAD3
:10B4E000BFF63AAE20F000416B4A6C4B002402EBF1
:10B4F00021529942D8BF9DED021B27DD511C4FF40C
:10B50000801222FA01F10144654BC1F30A527B44D7
:10B51000A2F2FF3293ED001B624B8DED041BD34072
:10B5200021EA0303C1F3130141F48011C2F11402B3
:10B5300021FA02F405930028B8BF64429DED021B76
:10B540009DED042B31EE421B8DED021B30EE011BF5
:10B550008DED041B04959DED041B9FED532B9DED7C
:10B56000023B21EE021B9DED042B32EE432B30EE0D
:10B57000420B9FED4F2B20EE020B9DED042B9FED18
:10B580004E3B4F48052102EE030B31EE002B8DEDB3
:10B59000002B32EE411B30EE41AB9DED000B20EE57
:10B5A000000B8DED040B784400F016FB9DED001BA5
:10B5B0009DED042B02EE401B8DED021B9DED000B5B
:10B5C00020EE010B9FED402B31EE422B80EE021B53
:10B5D0009DED002BB0EE4A0B02EE0A0B31EE400B54
:10B5E0009DED001B30EE410B39EE400B10EE900A42
:10B5F0008DED000B00EB045001150029C8BF019030
:10B6000013DC224651EC100BF4F7F2FEFFF77FF942
:10B61000042808BF00F09CFB22469DED000B51EC76
:10B62000100BF4F7E5FECDE900019DED000B28EECF
:10B63000000B69E40000000000000000000040432F
:10B640008E9803007AB60B0082350000A836000001
:10B650003A35000000000000000000000000084033
:10B66000000000E009C7EE3FF5015B14E02F3EBE8D
:10B67000FD033ADC09C7EE3F963400006634000053
:10B680000000904000000000FE822B654715973CAB
:10B6900000CC904000346F3F01FCFFFF0000E03F12
:10B6A0008E340000FFFF0F0000000000432EE63F35
:10B6B000EF39FAFE422EE63F396CA80C615C20BEE1
:10B6C0000633000000000000000000000000004001
:10B6D00010B529499FED261B2DED020B84B005986E
:10B6E00020F000408842DCBF00209DED040B2EDDE1
:10B6F0002249884209D1049840B94FF0010000F076
:10B7000043FB00F00DFB06B010BD05DB9DED040B07
:10B7100030EE000B06B010BD68469DED040B00F046
:10B7200063F810F003000DD0012814D09DED021B2A
:10B730009DED000B022816D000F0DEF906B0B1EE48
:10B74000400B10BD9DED021B9DED000B012000F094
:10B750007BFA06B010BD9DED021B9DED000B00F0C5
:10B76000CBF906B010BD012000F06EFAE6E700004C
:10B770000000000000000000FB21E93F0000F07F16
:10B7800000B52DED028BB1EEC08B83B018EE100A20
:10B7900018EE901A8DED008B002818BF0120084389
:10B7A00020F00040C0F17F6000F1E040C00F14D0F5
:10B7B00010EE101A10EE900A8DED000B002918BF44
:10B7C0000121084320F00040C0F17F6000F1E0401B
:10B7D000C00F04BF012000F0D7FAB0EE480B03B051
:10B7E000BDEC028B00BD00002DE9F14F04462DEDAC
:10B7F000020B2DED048B94B09FED9D0B80ED020BA1
:10B80000199E9D4826F0004585420ADC9DED180BE7
:10B81000002084ED000B14B0BDEC048B03B0BDE838
:10B82000F08F96489FED969B9FED978BA84225DD64
:10B8300097489FED991B9FED9A2B9DED180B002EBD
:10B840000DDD30EE490B854212BF30EE480B30EE75
:10B85000410B30EE420B84ED000B0120DBE730EEB4
:10B86000090B854212BF30EE080B30EE010B30EEB3
:10B87000020B84ED000B4FF0FF30CCE78A48A84262
:10B8800053DB9DED180B51EC100B01F055F941EC19
:10B89000100BB0EE401B9FED862B9FED870B290D03
:10B8A000DFF81CC201EE020B0120FDEEC00B10EE12
:10B8B000903A00EE903AB8EEE02BB0EE410B02EE7B
:10B8C000490B22EE081BFC44032830EE411B84ED9B
:10B8D000001B1DD011EE902A00EB4015113DC2F364
:10B8E0000A528A1A954213DA0CEB0012B0EE403B72
:10B8F00092ED000B401C20EE021B33EE410B33EEA9
:10B90000403B33EE411B92ED023B12EE031BDBE7A3
:10B91000002EA8BF1846BFF67EAF94ED000B58422C
:10B92000B1EE400B84ED000B75E7C6F3130040F455
:10B93000801EC6F30A50A0F2F530471100F01F0533
:10B94000C5F12000DDF860B0139000200890099048
:10B9500005200DF1080C5B49002D07EB000279442E
:10B9600008BF51F8221009D051F8223001EB8201B2
:10B97000AB404A68139922FA01F11943A1FB0E2644
:10B98000A1FB0B131A449A4234BF0123002303EB9B
:10B9900006080CEB8003D3E901A60E448E4234BFA7
:10B9A0000121002192448A4411B1924502D903E059
:10B9B000924501D2012100E00021C3E901A64144E2
:10B9C0004CF82010011EA0F10100C4DC04989DED8C
:10B9D000050A00F10050810F04989FED3B4B800059
:10B9E00001EE100ADDED060A9DED072AB8EEC13B17
:10B9F000B8EE401BB8EE600BB8EE422B002021EEF3
:10BA0000041B9FED334B20EE040B9FED334B22EED6
:10BA1000042B30EE024B34EE014B34EE034B8DED34
:10BA2000004B00909DED004B199834EE433B10F015
:10BA3000004F33EE411B31EE400B32EE401B9DEDCB
:10BA4000000B9FED272B20EE020B9FED272B01EE25
:10BA5000020B9DED001B9FED262B01EE020B1CBF80
:10BA60004942B1EE400B84ED000B0846D3E60000DE
:10BA70000000000000000000FB21E93F7CD90240EB
:10BA800000004054FB21F93F3163621A61B4D03D9C
:10BA9000FB21F93F000000000000601A61B4D03DB6
:10BAA0007370032E8A19A33BFB213941000000006B
:10BAB00083C8C96D305FE43F000000000000E03F34
:10BAC000DE30000076300000000000000000103E74
:10BAD000000000000000103C000000000000103AD0
:10BAE0003326A611460B113C182D4454FB21F93D79
:10BAF00000000054FB21F93D10B52DED040B2DED98
:10BB0000068B82B0B0EE41AB09989FED299B20F0E7
:10BB10000044B4F1795F0FDA9DED080BBDEEC00B68
:10BB200010EE100A002801BFB0EE490B02B0BDECC8
:10BB3000068B04B008BF10BD9DED080B1E48062102
:10BB400020EE008BB0EE480B784400F045F820EE74
:10BB5000080B9DED081B1C48844228EE000B01EEEB
:10BB60004A0B9FED171B28EE011BBCBF31EE400BAB
:10BB700039EE400B16DB1548A042BCBF9FED142BDD
:10BB80008DED002B06DBA4F5001001900020009045
:10BB90009DED002B31EE421B39EE422B31EE400B76
:10BBA00032EE400B02B0BDEC068B04B010BD0000BD
:10BBB000000000000000F03F242E00000000000004
:10BBC000000000000000E03F3333D33F0000E93FB6
:10BBD000000000000000D23F491E00EBC102B0EEA1
:10BBE000401B92ED000B31F006020DD0491E00EB18
:10BBF000C102B0EE403B92ED002B31F00602B0EEF8
:10BC0000420B03EE010BF1D1022914D004290AD012
:10BC1000062918BF704790ED0A2B00EE012B90ED1E
:10BC2000080B02EE010B90ED062B00EE012B90EDC0
:10BC3000040B02EE010B90ED022B00EE012B90EDB8
:10BC4000000B02EE010B704731B504462DED040BDD
:10BC50002DED068BB0EE419B07989DED060B20F075
:10BC60000040B0F1795F0DDA51EC100BFEF74FFE9A
:10BC7000042808BF00F06CF89DED060BBDEC068BA8
:10BC800005B030BD20EE008B1348052128EE00AB37
:10BC9000B0EE480B7844FFF79FFF9FED111B8CB16E
:10BCA0009FED112B29EE022B0AEE402B9DED060B8A
:10BCB00018EE029B0AEE419B30EE490BBDEC068B61
:10BCC00005B030BD08EE001B9DED060B0AEE010B22
:10BCD000BDEC068B05B030BDD82D00000000000083
:10BCE000495555555555C5BF000000000000E03FBF
:10BCF0009FED031B9FED042B81EE020B70470000AC
:10BD0000000000000000F03F000000000000000004
:10BD100030EE000B704730EE010B70470000000062
:10BD20009FED031B81EE010B704700000000000037
:10BD300000000000000000009FED030B20EE000B50
:10BD400070470000000000000000000000000070CC
:10BD50009FED030B20EE000B704700000000000079
:10BD6000000000000000001002E008C8121F08C117
:10BD7000002AFAD170477047002001E001C1121F6C
:10BD8000002AFBD17047000001490860704700009D
:10BD900000040024E1497CB58B684FF07E52E048F6
:10BDA000E04C934202D190ED000A01E090ED010ACF
:10BDB000B7EEC00A84ED000B8B6A934202D190ED7E
:10BDC000040A01E090ED050AB7EEC00A84ED020B0B
:10BDD0004B6C934202D190ED070A01E090ED080A06
:10BDE000B7EEC00A84ED040B0B6E934202D190EDC6
:10BDF0000A0A01E090ED0B0AB7EEC00A84ED060BCB
:10BE0000CB6F934202D190ED0D0A01E090ED0E0A46
:10BE1000B7EEC00A84ED080BD1F89830934202D1F6
:10BE200090ED100A01E090ED110AB7EEC00A84ED22
:10BE30000A0BD1F8B430934202D190ED130A01E01D
:10BE400090ED140AB7EEC00A84ED0C0BD1F8D03097
:10BE5000934202D190ED160A01E090ED170AB7EE79
:10BE6000C00A84ED0E0BD1F8EC30934202D190ED74
:10BE7000190A01E090ED1A0AB7EEC00A84ED100B22
:10BE8000D1F80831934202D190ED1C0A01E090ED07
:10BE90001D0AB7EEC00A84ED120BD1F8243193428B
:10BEA00002D190ED1F0A01E090ED200AB7EEC00A22
:10BEB00084ED140BD1F84031934202D190ED220A67
:10BEC00001E090ED230AB7EEC00A84ED160BD1F81D
:10BED0005C31934202D190ED250A01E090ED260AF3
:10BEE000B7EEC00A84ED180BD1F87831934202D135
:10BEF00090ED280A01E090ED290AB7EEC00A84ED22
:10BF00001A0BD1F89431934202D190ED2B0A01E043
:10BF100090ED2C0AB7EEC00A84ED1C0BD1F8B031BD
:10BF2000934202D190ED2E0A01E090ED2F0AB7EE78
:10BF3000C00A84ED1E0BD1F8CC31934202D190EDB2
:10BF4000310A01E090ED320AB7EEC00A84ED200B11
:10BF5000D1F8E831934202D190ED340A01E090ED3E
:10BF6000350AB7EEC00A84ED220BD1F804329342B1
:10BF700002D190ED370A01E090ED380AB7EEC00A21
:10BF800084ED240BD1F82032934202D190ED3A0A8D
:10BF900001E090ED3B0AB7EEC00A84ED260BD1F824
:10BFA0003C12914202D190ED3D0A01E090ED3E0A33
:10BFB0000026B7EEC00A84ED280B94ED060BBDEE0B
:10BFC000C00B10EE100A00B2CDE9000694ED040B90
:10BFD00094EC041BBDEEC00BFDEEC20BBDEEC11B0D
:10BFE00010EE102A10EE901A13B20AB211EE100AD7
:10BFF00001B24D48F4F752FA0125CDE9006594ED00
:10C000000C0B94ED0A2B94ED081BFDEEC00BBDEE5E
:10C01000C20BBDEEC11B10EE902A10EE101A13B227
:10C020000AB211EE100A01B23F48F4F737FA94ED64
:10C03000140BBDEEC00B10EE100A00B2CDE90006E5
:10C0400094ED120B94ED102B94ED0E1BBDEEC00B76
:10C05000FDEEC20BBDEEC11B10EE102A10EE901AC1
:10C0600013B20AB211EE100A01B23048F4F716FA10
:10C07000CDE9006594ED1A0B94ED182B94ED161B89
:10C08000FDEEC00BBDEEC20BBDEEC11B10EE902A43
:10C0900010EE101A13B20AB211EE100A01B22348C0
:10C0A000F4F7FCF994ED220BBDEEC00B10EE100A74
:10C0B00000B2CDE9000694ED200B94ED1E2B94ED1B
:10C0C0001C1BFDEEC00BBDEEC20BBDEEC11B10EE86
:10C0D000902A10EE101A13B20AB211EE100A01B231
:10C0E0001348F4F7DBF9CDE9006594ED280B94EDE6
:10C0F000262B94ED241BFDEEC00BBDEEC20BBDEE56
:10C10000C11B10EE902A10EE100A13B202B20848BA
:10C1100011EE101A09B2F4F7C1F97CBD241A0024FB
:10C12000741C0024D0150024C404002464050024D9
:10C130000406002410B541EC100BFEF711FC51EC85
:10C14000100B10BD10B500F0A9F80D48F6F7A7FCCC
:10C150000C48F6F7A4FC0C48F6F7A1FC08480022AE
:10C160000221F5F71DFF074800220221F5F718FF0D
:10C1700000220548BDE810400221F5F711BF00007C
:10C18000C404002464050024040600243C4A012160
:10C190009FED3C2B02EB80109FED3C1B90ED040BC0
:10C1A000B4EEC20BF1EE10FA02D830EE010B08E04B
:10C1B0009FED382BB4EEC20BF1EE10FA05DD30EE38
:10C1C000410B016080ED040B01E00021016090ED66
:10C1D000043B90ED022B33EE420B80ED080BB5EEE5
:10C1E000C00BF1EE10FA04D280ED0C0B30EE010B17
:10C1F0000AE032EE432BB5EEC02BF1EE10FA05D873
:10C2000080ED0C0B30EE410B80ED0A0B90ED0A1B1C
:10C2100090ED0C0BB0EEC12BB0EEC03BB4EEC32BD7
:10C22000F1EE10FA02DB80ED080B04E080ED081B54
:10C23000C1F10101016090ED060B90ED081B4FF478
:10C24000B47130EE011B80ED061BBDEEC10B10EE8C
:10C25000102A92FBF1F301FB13225B3AB32A09D9AE
:10C2600010EE102A92FBF1F301FB132101F20D11E4
:10C27000B32903D80168C1F10101016070470000D2
:10C280009016002400000000008056C0000000004E
:10C2900000806640000000000080564010B58AB063
:10C2A00002AA002002210190012482E813000590D7
:10C2B00001A906901848F5F718FF02221648012335
:10C2C00011460094F5F750FF012213481146F5F787
:10C2D000DFFE124801A9F5F708FF02220F480123EB
:10C2E00011460094F5F740FF01220C481146F5F77E
:10C2F000CFFE0B4801A9F5F7F8FE022208480123FA
:10C3000011460094F5F730FF012205481146F5F774
:10C31000BFFE0AB010BD0000C40400246405002460
:10C3200004060024418841F28832B0F90A30C91A63
:10C33000914202DDC168491E05E041F28832D142D6
:10C3400002DAC168491CC1607047000070B506463A
:10C350002DED108BB0EE42ABB0EE408BB0EE419BBA
:10C3600038EE0A1BB0EE490BFEF7FAFB9FEDFCDB43
:10C370009FEDFDEBFE4D20EE0D0B80EE0E1B85EDCF
:10C38000041B9FEDFCBBB0EE4B0BFFF7A1F9B0EE29
:10C3900048CB0AEE00CBB0EE4B0BFEF7C5FCB0EE7F
:10C3A000401BB0EE490B0AEE410BB0EE4C1BFEF702
:10C3B000D7FB20EE0D0B80EE0E1BB0EE4B0B85ED88
:10C3C000141BFFF785F9B0EE48CB0AEE00CBB0EEB8
:10C3D0004B0BFEF7A9FCB0EE401BB0EE490B0AEE8A
:10C3E000010BB0EE4C1BFEF7BBFB20EE0D0B80EEFD
:10C3F0000E1B85ED241B9FEDE14BB7EE00EB9FED8F
:10C40000E11B0020B0EE440B05EB801191ED042BF5
:10C4100032EE402BB0EEC22BB4EECE2BF1EE10FA82
:10C4200001D281ED040B91ED042BB0EE4E3B32EEC8
:10C43000000BB0EEC00BB4EEC30BF1EE10FA01D25C
:10C4400081ED041B401C0328DCDB00242046FFF7A1
:10C450009DFE05EB8410641C90ED040B032C80ED15
:10C46000020BF3DBCA4C002EC84E48D09FEDC90A20
:10C47000C94986ED010A86ED090A86ED100A95ED97
:10C48000060B4FF4B476BDEEC00B10EE100A90FB15
:10C49000F6F05A304843052190FBF6F2022002F0F4
:10C4A00015F895ED060B1E21BDEEC00B10EE100A1F
:10C4B00090FBF6F0C0EB001000EB400001EBC00079
:10C4C0000621C0EB403090FBF6F2022001F0FEFFA7
:10C4D00095ED060B6FF01D01BDEEC00B10EE100ABE
:10C4E00090FBF6F0C0EB001000EB400001EBC00049
:10C4F0000721C0EB403090FBF6F20220C0E19FED37
:10C50000A71B9FEDA82B95ED060B0521022020EE21
:10C51000010B80EE023BBDEEC30B10EE102A01F0C2
:10C52000D5FF95ED160B0621022020EE010B80EEC3
:10C53000023BBDEEC30B10EE102A01F0C7FF95EDD4
:10C54000260B0721022020EE010B80EE021BBDEE20
:10C55000C10B10EE102A01F0B9FF9FED94DB38EE0D
:10C560004ACB07E09FED931B94ED000B20EE010BEF
:10C5700084ED000BB0EE4C0BB0EE001BFEF72CFC74
:10C58000B0EE40FBB0EE001BB0EE490BFEF724FC12
:10C590003FEE000BFFF7F4F8B0EE401B94ED000BFC
:10C5A00021EE000BB0EEC00BB4EECD0BF1EE10FAA5
:10C5B000D8DCB0EE4B0BFFF78BF8B0EE482BB0EEAB
:10C5C000001B0AEE002BB0EE420BFEF705FCB0EEAE
:10C5D00040FBB0EE4B0BFEF7A7FBB0EE492BB0EEE5
:10C5E000001B0AEE402BB0EE420BFEF7F5FB3FEED0
:10C5F000000BFFF7C5F894ED002BB0EE401B9FED4C
:10C600006B0B21EE021BB0EEC11BB4EEC01BF1EEB2
:10C6100010FAA7DC9FED570BFFF75AF8B0EE401B5E
:10C62000B0EE480B0AEE010BB0EE001BFEF7D4FB98
:10C63000B0EE40FB9FED4F0BFEF776FBB0EE401BDC
:10C64000B0EE490B0AEE010BB0EE001BFEF7C4FB87
:10C650003FEE000BFFF794F89FED541B94ED002B79
:10C6600020EE020BB0EEC00BB4EEC10BF1EE10FAEF
:10C670009EDC5248B7EE000A86ED020A86ED0A0AF1
:10C6800086ED110A0269D6ED4F0A4D49D3685288EA
:10C69000C3EB43331A4400EE102AB8EEC00A30EE62
:10C6A000600AB0EEC00A10EE102A8A4227DA426908
:10C6B000D6ED560AD3685288C3EB43331A4400EED2
:10C6C000102AB8EEC00A30EE600AB0EEC00A10EED2
:10C6D000102A8A4213DA8069D6ED5D0AC268408862
:10C6E000C2EB4232104400EE100AB8EEC00A30EE3F
:10C6F000600AB0EEC00A10EE100A884204DBB5EE04
:10C70000C0ABF1EE10FA7CD02868B0EE4C0B0128DB
:10C71000B0EE001B76D0FEF75FFBB0EE40CBB0EE84
:10C72000001BB0EE490BFEF757FB3CEE000BFFF78A
:10C7300027F894ED001B00BF20EE010B01210846F5
:10C74000BDEEC00B10EE102A01F0C0FE286CB0EE5A
:10C750004B0B01287ED0FEF7BBFFB0EE401B31E053
:10C7600000000000008066404AD8124DFB210940BD
:10C770009016002486E5613352C1E03F00000000BE
:10C780000080564000000000008056C0241A00249B
:10C79000280000240000000098FE2C00000000008B
:10C7A00000FFBF4000000000008076400000000055
:10C7B0000070B7405C8FC2F5285CEF3FF00A0024A0
:10C7C00000C07F44B0EE480B0AEE010BB0EE001B38
:10C7D000FEF702FBB0EE40CBB0EE4B0BFEF7A4FA37
:10C7E000B0EE401BB0EE490B0AEE410BB0EE001B61
:10C7F000FEF7F2FA3CEE000BFEF7C2FF94ED001BD1
:10C8000001E03FE043E020EE010B02210120BDEEFC
:10C81000C00B10EE102A01F059FED5F88000B0EEE2
:10C820004B0B01286BD0FEF753FFB0EE401BB0EE70
:10C83000480B0AEE010BB0EE001BFEF7CDFAB0EE8E
:10C84000408BB0EE4B0BFEF76FFAB0EE401BB0EE34
:10C85000490B00E02EE00AEE010BB0EE001BFEF7E4
:10C86000BBFA38EE000BFEF78BFF94ED001B00BF08
:10C8700020EE010B03210120BDEEC00B10EE102AAB
:10C8800001F024FE84ED00EBBDEC108B70BDFEF7D3
:10C89000A3FAB0EE40CBB0EE001BB0EE490BFEF7B2
:10C8A0009BFA3CEE000BFEF76BFF94ED001BB1EE24
:10C8B000400B41E7FEF70CFFB0EE401BB0EE480B1B
:10C8C0000AEE010BB0EE001BFEF786FAB0EE40CB8D
:10C8D000B0EE4B0BFEF728FAB0EE401BB0EE490B62
:10C8E0000AEE410BB0EE001BFEF776FA3CEE000BB1
:10C8F000FEF746FF94ED001BB1EE400B80E7FEF71C
:10C90000E7FEB0EE401BB0EE480B0AEE010BB0EEB6
:10C91000001BFEF761FAB0EE408BB0EE4B0BFEF75A
:10C9200003FAB0EE401BB0EE490B0AEE010BB0EE7D
:10C93000001BFEF751FA38EE000BFEF721FF94EDD5
:10C94000001BB1EE400B93E791F83C20012A0ED07A
:10C95000022A19D0032A1ED0042A21D191ED131ADC
:10C96000D1ED110A91ED100A098800F08FBF0A88F5
:10C9700091ED122AD1ED151A91ED141AD1ED110A8B
:10C9800091ED100A00F0C0BED1ED110A91ED100A30
:10C99000098800F055BF91ED110A098801F0AABE7F
:10C9A0007047000091F83C20012A0BD0022A0CD0DD
:10C9B000032A0ED0042A10D109884FF4407200BF18
:10C9C00000F0A0B809880022FAE709884FF48072C5
:10C9D000F6E709884FF40072F2E7704702460B460B
:10C9E00010B5087800F00F005060087800099060DA
:10C9F000B1F8010040BAD060C9781C79090141EA58
:10CA00001411116119795C7901F00F0144EA0121D7
:10CA10005161D2ED2C0A1021B1EE600A01F0B5FE91
:10CA200082ED080AD2ED2D0A10690C21B1EE600AE0
:10CA300001F0ABFE82ED090AD2ED2E0A50690C21FD
:10CA4000B1EE600A01F0A1FE82ED0A0A987900EECB
:10CA5000100AB8EE400A82ED0D0AD87900EE100AED
:10CA6000B8EE400A82ED0E0A10BD000010B54FF47A
:10CA700088741D482146F3F791FC1C482146F3F7C2
:10CA80008DFC1B482146F3F789FC1A482146F3F731
:10CA900085FC19482146F3F781FC18482146F3F735
:10CAA0007DFC1148012111229FED150AF1EE040AC7
:10CAB0000180428080F8581080F83C10C0ED110AC7
:10CAC00080ED100A80ED130AB7EE001A80ED140A0B
:10CAD00080ED151AB030F2EE091AB3EE0E2AF2EE1E
:10CAE000042AC0EC031A10BD300B0024400C0024B3
:10CAF000500D0024600E0024700F002480100024CC
:10CB0000000000001CB51144FF228DF80420FC2316
:10CB10008DF8002089B28DF805208DF801208DF860
:10CB200006208DF802208DF803206A468DF8073024
:10CB3000082300F035F91CBD82B0CDE9000121F0D9
:10CB4000004001909DED000B02B051EC100B7047BE
:10CB50003EB500206A4602A900900190214800F0ED
:10CB6000EDF8BDF80800B0F5017F15D00ADC1128FA
:10CB70002FD0A0F5007101390ED001290CD0022967
:10CB800026D109E0A0F50071053905D0012903D0AF
:10CB9000022901D003291BD1401E134B134AC1B2F5
:10CBA000012403EB01101170047041884181BDF82C
:10CBB000001049BA4180BDF8021049BA8180BDF821
:10CBC000041049BAC1809DF806100172FFF7AAFB54
:10CBD0003EBD07486946FFF701FF0548694600F07A
:10CBE0008BFE3EBDC404002450090024250000240F
:10CBF000300B00243EB500206A4602A90090019047
:10CC0000214800F09BF8BDF80800B0F5017F15D071
:10CC10000ADC11282FD0A0F5007101390ED00129AE
:10CC20000CD0022926D109E0A0F50071053905D004
:10CC3000012903D0022901D003291BD1401E134B27
:10CC4000134AC1B2012403EB0110517004704188F2
:10CC50004181BDF8001049BA4180BDF8021049BABF
:10CC60008180BDF8041049BAC1809DF80610017298
:10CC7000FFF758FB3EBD07486946FFF7AFFE054882
:10CC8000694600F039FE3EBD64050024D009002449
:10CC900025000024300B00243EB500206A4602A97E
:10CCA00000900190214800F049F8BDF80800B0F567
:10CCB000017F15D00ADC11282FD0A0F500710139B1
:10CCC0000ED001290CD0022926D109E0A0F500716F
:10CCD000053905D0012903D0022901D003291BD130
:10CCE000401E134B134AC1B2012403EB0110917093
:10CCF000047041884181BDF8001049BA4180BDF8F7
:10CD0000021049BA8180BDF8041049BAC1809DF86B
:10CD100006100172FFF706FB3EBD07486946FFF7A4
:10CD20005DFE0548694600F0E7FD3EBD04060024AF
:10CD3000500A002425000024300B002430B58BB0AD
:10CD40000D46402113466A46F5F72AFA10B1002035
:10CD50000BB030BD009828800398B0F5002F00D8A4
:10CD6000C4B2B0F5102F00D80C24B0F5202F00D895
:10CD70001024B0F5302F00D81424B0F5402F00D87F
:10CD80001824B0F5502F00D82024B0F5602F00D81B
:10CD90003024B0F5702F00D840242046D8E700009A
:10CDA00070B51E4C0025082BC4E90015A56002D8FB
:10CDB0004FF40021E1600C2B0CD0102B0DD0142B64
:10CDC0000ED0182B0FD0202B1FD0302B20D0402B73
:10CDD00021D00BE04FF4102107E04FF4202104E0B4
:10CDE0004FF4302101E04FF44021E1604FF4801115
:10CDF0004B00C4E90451C4E9063508492562F5F73A
:10CE000013F9002800D0012070BD4FF45021ECE749
:10CE10004FF46021E9E74FF47021E6E72C09002484
:10CE2000012170EE601A8140491E31EE600A00EE69
:10CE3000901AF8EEE00A61EEA00A80EE801ABDEECC
:10CE4000C10A10EE100A7047FD4930B5FD480C6864
:10CE5000FD4AFE4BB4F9045000EE105AB8EEC00A79
:10CE600080ED000A658800EE105AB8EE400A80EDA9
:10CE7000030AB4F90A5000EE105AB8EEC00A80ED69
:10CE8000040A94ED030AB8EEC00A80ED050A4C6866
:10CE9000B4F9045000EE105AB8EEC00A80ED080A4A
:10CEA000658800EE105AB8EE400A80ED0B0AB4F91E
:10CEB0000A5000EE105AB8EEC00A80ED0C0A94ED4C
:10CEC000030AB8EEC00A80ED0D0A8C68B4F904506C
:10CED00000EE105AB8EEC00A80ED0F0A658800EE29
:10CEE000105AB8EE400A80ED120AB4F90A5000EE6A
:10CEF000105AB8EEC00A80ED130A94ED030AB8EE9A
:10CF0000C00A80ED140ACC68B4F9045000EE105A3F
:10CF1000B8EEC00A80ED160A658800EE105AB8EE29
:10CF2000400A80ED190AB4F90A5000EE105AB8EE22
:10CF3000C00A80ED1A0A94ED030AB8EEC00A80ED2B
:10CF40001B0A0C69B4F9045000EE105AB8EEC00A7E
:10CF500080ED1D0A658800EE105AB8EE400A80ED9B
:10CF6000200AB4F90A5000EE105AB8EEC00A80ED5B
:10CF7000210A94ED030AB8EEC00A80ED220A4C693A
:10CF8000B4F9045000EE105AB8EEC00A80ED240A3D
:10CF9000658800EE105AB8EE400A80ED270AB4F911
:10CFA0000A5000EE105AB8EEC00A80ED280A94ED3F
:10CFB000030AB8EEC00A80ED290A8969B1F9044074
:10CFC00000EE104AB8EEC00A80ED2B0A4C8800EE45
:10CFD000104AB8EE400A80ED2E0AB1F90A4000EE80
:10CFE000104AB8EEC00A80ED2F0A91ED030AB8EEA0
:10CFF000C00A80ED300A1168B1F9044000EE104A11
:10D00000B8EEC00A80ED320A4C8800EE104AB8EE45
:10D01000400A80ED350AB1F90A4000EE104AB8EE38
:10D02000C00A80ED360A91ED030AB8EEC00A80ED21
:10D03000370A5168B1F9044000EE104AB8EEC00A50
:10D0400080ED390A4C8800EE104AB8EE400A80EDB7
:10D050003C0AB1F90A4000EE104AB8EEC00A80ED71
:10D060003D0A91ED030AB8EEC00A80ED3E0A9168D0
:10D07000B1F9044000EE104AB8EEC00A80ED400A53
:10D080004C8800EE104AB8EE400A80ED430AB1F930
:10D090000A4000EE104AB8EEC00A80ED440A91ED55
:10D0A000030AB8EEC00A80ED450AD168B1F9044020
:10D0B00000EE104AB8EEC00A80ED470A4C8800EE38
:10D0C000104AB8EE400A80ED4A0AB1F90A4000EE73
:10D0D000104AB8EEC00A80ED4B0A91ED030AB8EE93
:10D0E000C00A80ED4C0A1169B1F9044000EE104A03
:10D0F000B8EEC00A80ED4E0A4C8800EE104AB8EE39
:10D10000400A80ED510AB1F90A4000EE104AB8EE2B
:10D11000C00A80ED520A91ED030AB8EEC00A80ED14
:10D12000530A5169B1F9044000EE104AB8EEC00A42
:10D1300080ED550A4C8800EE104AB8EE400A80EDAA
:10D14000580AB1F90A4000EE104AB8EEC00A80ED64
:10D15000590A91ED030AB8EEC00A80ED5A0A9169A6
:10D16000B1F9042000EE102AB8EEC00A80ED5C0A86
:10D170004A8800EE102AB8EE400A80ED5F0AB1F945
:10D180000A2000EE102AB8EEC00A80ED600A91ED88
:10D19000030AB8EEC00A80ED610A1968B1F90420EB
:10D1A00000EE102AB8EEC00A80ED630A4A8800EE4D
:10D1B000102AB8EE400A80ED660AB1F90A2000EEA6
:10D1C000102AB8EEC00A80ED670A91ED030AB8EEA6
:10D1D000C00A80ED680A5968B1F9042000EE102AEF
:10D1E000B8EEC00A80ED6A0A4A8800EE102AB8EE4E
:10D1F000400A80ED6D0AB1F90A2000EE102AB8EE5F
:10D20000C00A80ED6E0A91ED030AB8EEC00A80ED07
:10D210006F0A9968B1F9042000EE102AB8EEC00A2E
:10D2200080ED710A4A8800EE102AB8EE400A80EDBF
:10D23000740AB1F90A2000EE102AB8EEC00A07E01D
:10D24000D00A0024241A0024F00A0024100B002421
:10D2500080ED750A91ED030AB8EEC00A80ED760AFA
:10D26000D968B1F9042000EE102AB8EEC00A80EDAA
:10D27000780A4A8800EE102AB8EE400A80ED7B0A50
:10D28000B1F90A2000EE102AB8EEC00A80ED7C0A3F
:10D2900091ED030AB8EEC00A80ED7D0A1969B1F973
:10D2A000042000EE102AB8EEC00A80ED7F0A4A88FA
:10D2B00000EE102AB8EE400A80ED820AB1F90A2089
:10D2C00000EE102AB8EEC00A80ED830A91ED030A41
:10D2D000B8EEC00A80ED840A5969B1F9042000EE65
:10D2E000102AB8EEC00A80ED860A4A8800EE102A9D
:10D2F000B8EE400A80ED890AB1F90A2000EE102A42
:10D30000B8EEC00A80ED8A0A91ED030AB8EEC00AB1
:10D3100080ED8B0A9969B1F9042000EE102AB8EE6D
:10D32000C00A80ED8D0A4A8800EE102AB8EE400A45
:10D3300080ED900AB1F90A2000EE102AB8EEC00A7A
:10D3400080ED910A91ED030AB8EEC00A80ED920AD1
:10D3500030BD00002DED0A8B92B00025009501959F
:10D3600002950395F5F75CFD01248DF80C401F2014
:10D370008DF8080087218DF809108DF80D4068465A
:10D380008DF800408DF80A508DF80E508DF8015040
:10D3900001958DF80B508DF80F50F5F713FD042013
:10D3A000F5F74CFDF5F7C0FCFCF764FDF7F790FED0
:10D3B000F7F7D4FDF7F7DAFEF7F722FEF7F7FAFEF4
:10D3C000F7F752FEF7F72AFFF7F7E6FDBD48F7F744
:10D3D00019F9BD490122BD48F7F76AFDFEF75EFF66
:10D3E000FEF7B0FEF8F7C8F89FEDB99B0121B0EE4B
:10D3F000081BB0EE492BB2EE040B0846FCF72CFBE1
:10D4000002210120B0EE492BB0EE081BB2EE040B56
:10D41000FCF722FB03210120B0EE492BB0EE081BE4
:10D42000B2EE040BFCF718FB04210120B0EE492BEF
:10D43000B0EE081BB2EE040BFCF70EFB0521012039
:10D44000B0EE492BB0EE081BB2EE040BFCF704FB68
:10D4500001210220B0EE492BB0EE081BB2EE040B06
:10D46000FCF7FAFA0221B0EE492BB0EE081BB2EE3F
:10D47000040B0846FCF7F0FA03210220B0EE492B1A
:10D48000B0EE081BB2EE040BFCF7E6FA0421022012
:10D49000B0EE492BB0EE081BB2EE040BFCF7DCFA41
:10D4A00005210220B0EE492BB0EE081BB2EE040BB2
:10D4B000FCF7D2FA01210320B0EE492BB0EE081B95
:10D4C000B2EE040BFCF7C8FA02210320B0EE492BA0
:10D4D000B0EE081BB2EE040BFCF7BEFA0321B0EE6F
:10D4E000492BB0EE081BB2EE040B0846FCF7B4FA69
:10D4F00004210320B0EE492BB0EE081BB2EE040B62
:10D50000FCF7AAFA05210320B0EE492BB0EE081B68
:10D51000B2EE040BFCF7A0FA0121B0EE492BB0EEFD
:10D52000081BB2EE040B0846F7F76AFF9FED6A8B03
:10D53000B0EE482BB0EE481B9FED69AB01210846C9
:10D54000B0EE4A0BF7F7A0FE67480121B6EE000ADD
:10D55000B0EE492B80EDD50A0220B0EE081BB2EEEA
:10D56000040BF7F74DFF01210220B0EE482BB0EE7F
:10D57000481BB0EE4A0BF7F787FE03210220B0EEFE
:10D58000492BB0EE081BB1EE040BF7F739FF9FED06
:10D5900057BB03210220B0EE4B2BB7EE001BB7EEBA
:10D5A000080BF7F771FEB0EE4B2BB1EE041B9FEDAD
:10D5B00051CB05210220B0EE4C0BF7F721FF0521DE
:10D5C0000220B0EE482BB6EE001BB6EE000BF7F7CC
:10D5D0005BFE06210220B0EE4B2BB1EE041BB0EE39
:10D5E0004C0BF7F70DFF06210220B0EE482BB6EEEC
:10D5F000001BB6EE000BF7F747FE07210220B0EE46
:10D600004B2BB1EE041BB0EE4C0BF7F7F9FE0721E4
:10D610000220B0EE482BB6EE001BB6EE000BF7F77B
:10D6200033FE01210320B0EE492BB0EE081BB2EE11
:10D63000040BF7F7E5FE01210320B0EE482BB0EE16
:10D64000481BB0EE4A0BF7F71FFE0020FCF70AFC60
:10D65000022001231A461946CDE90D400F90109083
:10D66000CDE90A040C94CDE9064009900594089090
:10D67000CDE9024001940494009400F02DFAFFF7E4
:10D68000F5F91E491E48FFF78DF90F4C1D4D303C32
:10D6900001212A46084600F019FF01212A460220EE
:10D6A00000F014FF01212A46032000F00FFF94ED43
:10D6B000060BBDEEC03B94EC060B13EE100AFEF712
:10D6C00045FEE5E7A406002438040024840700246E
:10D6D0007B14AE47E17A843F0000000000000000A8
:10D6E000333333333333D33F300000249A9999993D
:10D6F0009999B93F0000000000004940300B002418
:10D70000C40400249C7F0C002DE9FC41B0EE413A9A
:10D7100091ED2C1AF0EE603AF0EE612AF1EE410A3A
:10D720000B46064610201546FFF77AFB93ED2D1A9F
:10D73000B0EE630A07460C20F1EE410AFFF770FBDA
:10D7400093ED2E1AB0EE420A02460C20F1EE410A89
:10D75000FFF766FB9FED1D2A9FED1B1AB0EE430AF3
:10D76000F0EE420A04460C20FFF75AFBB1EE041A11
:10D77000F0EE420AB0EE620A03460C20FFF750FBBF
:10D780004FEA172C8DF800C011098DF801708DF843
:10D79000043012014FEA001C8DF802104FEA101EEF
:10D7A0008DF805E042EA132229464CEA142C8DF844
:10D7B00006C0082330468DF803206A468DF80740DE
:10D7C000FFF7EEFABDE8FC810000FA43000000001C
:10D7D0001A4901F5C070016010314160103181605B
:10D7E0001031C1601031016110314161103181612E
:10D7F0001031C161203010310160103141601031B1
:10D8000081601031C160103101611031416110310E
:10D8100081611031C16120301031016010314160EF
:10D82000103181601031C1601031016110314161EE
:10D83000103181611031C16170470000500900242E
:10D840002DE9FC4110EE103A10EE902A8DF80030D0
:10D8500001F580718DF8042089B21C0A8DF8014011
:10D860001D0C8DF802501E0E8DF80360170A8DF8FE
:10D8700005704FEA124C8DF806C0130E6A468DF8FB
:10D8800007300823FFF78CFABDE8FC812DE9FE4341
:10D8900010EE104A10EE903A11EE102A81468DF8E3
:10D8A0000040200A8DF80100250C8DF804301F0A75
:10D8B0008DF80820260E8DF805704FEA134C8DF870
:10D8C0000250100A8DF809004FEA13688DF806C05F
:10D8D000140C8DF80A40130E6A4601F54071484653
:10D8E00089B28DF803608DF807808DF80B300C231A
:10D8F000FFF756FABDE8FE8370B590F85830002B5C
:10D9000043D08B78332B40D10E794D798C7966F3E7
:10D910000702CB78C97965F30F22522B64F31742C3
:10D9200061F31F6231D2DFE803F0292C3134373A3A
:10D930003D4043464A4E52565A5E62666A6E727661
:10D940007A7E82868A8E92969A9EA2A6AAAEB230DD
:10D95000303030303030303030303030B6BABEC297
:10D96000C6CA303030303030303030303030303087
:10D9700030303030303030303030CED20221C265DD
:10D9800001E00321026680F8581070BD0421426650
:10D99000F9E705218266F6E70621C266F3E707216B
:10D9A0000267F0E708214267EDE709218267EAE7AD
:10D9B0000A21C267E7E70B21C0F88020E3E70C21CA
:10D9C000C0F88420DFE70D21C0F88820DBE70E21B6
:10D9D000C0F88C20D7E70F21C0F89020D3E71021A2
:10D9E000C0F89420CFE71121C0F89820CBE712218E
:10D9F000C0F89C20C7E71321C0F8A020C3E714217A
:10DA0000C0F8A420BFE71521C0F8A820BBE7162165
:10DA1000C0F8AC20B7E71721C0F8B020B3E7182151
:10DA2000C0F8B420AFE71921C0F8B820ABE71A213D
:10DA3000C0F8BC20A7E71B21C0F8C020A3E71C2129
:10DA4000C0F8C4209FE71D21C0F8C8209BE71E2115
:10DA5000C0F8CC2097E71F21C0F8D02093E7202101
:10DA6000C0F8D4208FE72121C0F8D8208BE72221ED
:10DA7000C0F8DC2087E72321C0F8E02083E72421D9
:10DA8000C0F8E4207FE72521C0F8E8207BE72621C5
:10DA9000C0F8EC2077E72721C0F8F02073E72821B1
:10DAA000C0F8F4206FE72921C0F8F8206BE72A219D
:10DAB000C0F8FC2067E72B21C0F8002163E72C2188
:10DAC000C0F804215FE72D21C0F808215BE70021A1
:10DAD000C0F80C2157E700002DED068B02EE900AEE
:10DAE0003F48B8EEE29A02EE901A9DED163ADDED4F
:10DAF000153AF8EEE29A02EE902A9DED144A9DED59
:10DB0000130AB8EEE2AA02EE903ADDED124ADDED1C
:10DB1000110A9DED105A9DED0F1ADDED0E5A9DED87
:10DB20000D6ADDED0C6A9DED0B7ADDED0A1ADDED77
:10DB3000097A9DED088A9DED072ADDED068AF8EE4B
:10DB4000E22A80ED029AF8EEE88AC0ED0A9AB8EE71
:10DB5000C22A80ED11AAB8EEC88AC0ED182AF8EEE4
:10DB6000E77AC0ED1F8AF8EEE11A80ED262AB8EEBA
:10DB7000C77A80ED2D8AF8EEE66AC0ED347AB8EE09
:10DB8000C66AC0ED3B1AF8EEE55A80ED427AB8EE6F
:10DB9000C11AC0ED496AB8EEC55A80ED506AF8EE78
:10DBA000E00AC0ED575AF8EEE44A80ED5E1AB8EE8E
:10DBB000C00A80ED655AB8EEC44AC0ED6C0AF8EEB2
:10DBC000E33AC0ED734AB8EEC33A80ED7A0A80EDCD
:10DBD000814AC0ED883A80ED8F3ABDEC068B7047E4
:10DBE000241A0024F0B5FD4D4FF07E52FC49FD4C47
:10DBF00008462F68D1ED010A8668FB48B7F904C0D2
:10DC0000B7EE000A01EE10CA4303B8EEC11A30EEB7
:10DC1000C11AB0EEC11A11EE10CAA44501DA96423B
:10DC200018D0D7F80CC07F88CCEB4C3C01EE10CA62
:10DC300001EE907AB8EEC11AF8EE611A70EEC10AE0
:10DC400070EEE10AF0EEE00A10EE907A874207DA11
:10DC50009E4205D1D1ED070A70EE600AC1ED070AB8
:10DC60006F68D1ED090ADE4EB7F904C001EE10CAA3
:10DC7000B66AB8EEC11A30EEC11AB0EEC11A11EE92
:10DC800010CAA44501DA964218D0D7F80CC07F8894
:10DC9000CCEB4C3C01EE90CA01EE107AF8EEE11AA2
:10DCA000B8EE411A70EEE10A70EEC10AF0EEE00A39
:10DCB00010EE907A874207DA9E4205D1D1ED0E0A26
:10DCC00070EE600AC1ED0E0AAF68D1ED100AC44EC5
:10DCD000B7F904C001EE10CA766CB8EEC11A30EE86
:10DCE000C11AB0EEC11A11EE10CAA44501DA96426B
:10DCF00018D0D7F80CC07F88CCEB4C3C01EE10CA92
:10DD000001EE907AB8EEC11AF8EE611A70EEC10A0F
:10DD100070EEE10AF0EEE00A10EE907A874207DA40
:10DD20009E4205D1D1ED150A70EE600AC1ED150ACB
:10DD3000EF68D1ED170AAA4EB7F904C001EE10CA78
:10DD4000366EB8EEC11A30EEC11AB0EEC11A11EE3D
:10DD500010CAA44501DA964218D0D7F80CC07F88C3
:10DD6000CCEB4C3C01EE90CA01EE107AF8EEE11AD1
:10DD7000B8EE411A70EEE10A70EEC10AF0EEE00A68
:10DD800010EE907A874207DA9E4205D1D1ED1C0A47
:10DD900070EE600AC1ED1C0A2F69D1ED1E0A904E8B
:10DDA000B7F904C001EE10CAF66FB8EEC11A30EE32
:10DDB000C11AB0EEC11A11EE10CAA44501DA96429A
:10DDC00018D0D7F80CC07F88CCEB4C3C01EE10CAC1
:10DDD00001EE907AB8EEC11AF8EE611A70EEC10A3F
:10DDE00070EEE10AF0EEE00A10EE907A874207DA70
:10DDF0009E4205D1D1ED230A70EE600AC1ED230ADF
:10DE00006F69D1ED250A764EB7F904C001EE10CA4C
:10DE1000D6F89860B8EEC11A30EEC11AB0EEC11A49
:10DE200011EE10CAA44501DA964218D0D7F80CC0FA
:10DE30007F88CCEB4C3C01EE10CA01EE907AB8EE34
:10DE4000C11AF8EE611A70EEC10A70EEE10AF0EE46
:10DE5000E00A10EE907A874207DA9E4205D1D1EDB2
:10DE60002A0A70EE600AC1ED2A0AAD69D1ED2C0ACA
:10DE70005B4EB5F9047001EE107AD6F8B460B8EED6
:10DE8000C11A30EEC11AB0EEC11A11EE107AA742D3
:10DE900001DA964217D0EF686D88C7EB473701EE7D
:10DEA000107A01EE905AB8EEC11AF8EE611A70EECF
:10DEB000C10A70EEE10AF0EEE00A10EE905A8542D7
:10DEC00007DA9E4205D1D1ED310A70EE600AC1ED4C
:10DED000310A464DD1ED330A414E2F68D6F8D06055
:10DEE000B7F904C001EE10CAB8EEC11A30EEC11A7B
:10DEF000B0EEC11A11EE10CAA44501DA964218D04C
:10DF0000D7F80CC07F88CCEB4C3C01EE10CA01EE78
:10DF1000907AB8EEC11AF8EE611A70EEC10A70EE8E
:10DF2000E10AF0EEE00A10EE907A874207DA9E42AC
:10DF300005D1D1ED380A70EE600AC1ED380A6F687C
:10DF4000D1ED3A0A264EB7F904C001EE10CAD6F850
:10DF5000EC60B8EEC11A30EEC11AB0EEC11A11EE83
:10DF600010CAA44501DA964219D0D7F80CE0B7F8E8
:10DF700002C0CEEB4E3701EE107A01EE90CAB8EE39
:10DF8000C11AF8EE611A70EEC10A70EEE10AF0EE05
:10DF9000E00A10EE907A874207DA9E4205D1D1ED71
:10DFA0003F0A70EE600AC1ED3F0AAF68D1ED410A49
:10DFB0000B4EB7F904C001EE10CAD6F80861B8EEEE
:10DFC000C11A30EEC11AB0EEC11A11EE10CAA44542
:10DFD00001DA964223D0D7F80CC009E0D00A002419
:10DFE000241A0024000048430000FA43F00A0024E9
:10DFF000CCEB4C3C7F8801EE10CA01EE907AB8EE73
:10E00000C11AF8EE611A70EEC10A70EEE10AF0EE84
:10E01000E00A10EE907A874207DA9E4205D1D1EDF0
:10E02000460A70EE600AC1ED460AEF68D1ED480A73
:10E03000FC4EB7F904C001EE10CAD6F82461B8EE60
:10E04000C11A30EEC11AB0EEC11A11EE10CAA445C1
:10E0500001DA964218D0D7F80CC07F88CCEB4C3C44
:10E0600001EE90CA01EE107AF8EEE11AB8EE411A0C
:10E0700070EEE10A70EEC10AF0EEE00A10EE907A5E
:10E08000874207DA9E4205D1D1ED4D0A70EE600A53
:10E09000C1ED4D0A2F69D1ED4F0AE24EB7F904C028
:10E0A00001EE10CAD6F84061B8EEC11A30EEC11ABE
:10E0B000B0EEC11A11EE10CAA44501DA964218D08A
:10E0C000D7F80CC07F88CCEB4C3C01EE10CA01EEB7
:10E0D000907AB8EEC11AF8EE611A70EEC10A70EECD
:10E0E000E10AF0EEE00A10EE907A874207DA9E42EB
:10E0F00005D1D1ED540A70EE600AC1ED540A6F6982
:10E10000D1ED560AC74EB7F904C001EE10CAD6F8D1
:10E110005C61B8EEC11A30EEC11AB0EEC11A11EE50
:10E1200010CAA44501DA964218D0D7F80CC07F88EF
:10E13000CCEB4C3C01EE90CA01EE107AF8EEE11AFD
:10E14000B8EE411A70EEE10A70EEC10AF0EEE00A94
:10E1500010EE907A874207DA9E4205D1D1ED5B0A34
:10E1600070EE600AC1ED5B0AAD69D1ED5D0AAD4E9E
:10E17000B5F9047001EE107AD6F87861B8EEC11ADC
:10E1800030EEC11AB0EEC11A11EE107AA74201DAD0
:10E19000964217D0EF686D88C7EB473701EE107ACB
:10E1A00001EE905AB8EEC11AF8EE611A70EEC10A8B
:10E1B00070EEE10AF0EEE00A10EE905A854207DABE
:10E1C0009E4205D1D1ED620A70EE600AC1ED620A8D
:10E1D000954DD1ED640A934E2F68D6F89461B7F946
:10E1E00004C001EE10CAB8EEC11A30EEC11AB0EE8A
:10E1F000C11A11EE10CAA44501DA964219D0D7F817
:10E200000CE0B7F802C0CEEB4E3701EE907A01EE8B
:10E2100010CAF8EEE11AB8EE411A70EEE10A70EE9B
:10E22000C10AF0EEE00A10EE907A874207DA9E42C9
:10E2300005D1D1ED690A70EE600AC1ED690A6F6817
:10E24000D1ED6B0A774EB7F904C001EE10CAD6F8CB
:10E25000B061B8EEC11A30EEC11AB0EEC11A11EEBB
:10E2600010CAA44501DA964218D0D7F80CC07F88AE
:10E27000CCEB4C3C01EE10CA01EE907AB8EEC11A1C
:10E28000F8EE611A70EEC10A70EEE10AF0EEE00AF3
:10E2900010EE907A874207DA9E4205D1D1ED700ADE
:10E2A00070EE600AC1ED700AAF68D1ED720A5D4E82
:10E2B000B7F904C001EE10CAD6F8CC61B8EEC11AA5
:10E2C00030EEC11AB0EEC11A11EE10CAA44501DA3F
:10E2D000964218D0D7F80CC07F88CCEB4C3C01EEAE
:10E2E00010CA01EE907AB8EEC11AF8EE611A70EE1B
:10E2F000C10A70EEE10AF0EEE00A10EE907A874271
:10E3000007DA9E4205D1D1ED770A70EE600AC1EDC1
:10E31000770AEF68D1ED790A424EB7F904C001EEF1
:10E3200010CAD6F8E861B8EEC11A30EEC11AB0EEE4
:10E33000C11A11EE10CAA44501DA964218D0D7F8D6
:10E340000CC07F88CCEB4C3C01EE10CA01EE907AF9
:10E35000B8EEC11AF8EE611A70EEC10A70EEE10A69
:10E36000F0EEE00A10EE907A874207DA9E4205D17D
:10E37000D1ED7E0A70EE600AC1ED7E0A2F69D1ED03
:10E38000800A284EB7F904C001EE10CAD6F804621C
:10E39000B8EEC11A30EEC11AB0EEC11A11EE10CAB1
:10E3A000A44501DA964218D0D7F80CC07F88CCEB90
:10E3B0004C3C01EE90CA01EE107AF8EEE11AB8EE8C
:10E3C000411A70EEE10A70EEC10AF0EEE00A10EEBA
:10E3D000907A874207DA9E4205D1D1ED850A70EE28
:10E3E000600AC1ED850A6F69D1ED870A0D4EB7F954
:10E3F00004C001EE10CAD6F82062B8EEC11A30EEA1
:10E40000C11AB0EEC11A11EE10CAA44501DA964243
:10E410001ED0D7F80CC07F88CCEB4C3C01EE10CA64
:10E4200004E00000241A0024100B0024B8EEC11AE6
:10E4300001EE907AF8EE611A70EEC10A70EEE10A10
:10E44000F0EEE00A10EE907A874207DA9E4205D19C
:10E45000D1ED8C0A70EE600AC1ED8C0AAD69D1ED88
:10E460008E0A194EB5F9047001EE107AD6F83C62A6
:10E47000B8EEC11A30EEC11AB0EEC11A11EE107A20
:10E48000A74201DA964217D0EC686A88C4EB44349C
:10E4900001EE104A01EE902AB8EEC11AF8EE611AA8
:10E4A00070EEC10A70EEE10AF0EEE00A10EE902A7A
:10E4B000824207DA9E4205D1D1ED930A30EE600A1E
:10E4C00081ED930AF0BD0000241A0024854B012839
:10E4D00010B50CD0022860D003281BD1824808292F
:10E4E00018D2DFE801F017B1BCC7D2DDE8F47F48ED
:10E4F00008290FD2DFE801F00E040F1A25303B4641
:10E5000000680078002805D000EE102AB8EEC00A96
:10E5100083ED010A10BD406800780028FAD000EEB3
:10E52000102AB8EEC00A83ED090A10BD8068007891
:10E530000028FAD000EE102AB8EEC00A83ED100AC7
:10E5400010BDC06800780028FAD000EE102AB8EE9E
:10E55000C00A83ED170A10BD006900780028FAD0C0
:10E5600000EE102AB8EEC00A83ED1E0A10BD406905
:10E5700000780028FAD000EE102AB8EEC00A83ED29
:10E58000250A10BD806900780028FAD000EE102A14
:10E59000B8EEC00A83ED2C0A10BD55480829FBD2FD
:10E5A000DFE801F00405101B26313C47F4E7006862
:10E5B00000780028F0D000EE102AB8EEC00A83EDF3
:10E5C000330A10BD406800780028FAD000EE102A07
:10E5D000B8EEC00A83ED3A0A10BD806800780028C2
:10E5E000FAD000EE102AB8EEC00A83ED410A10BD41
:10E5F000C06800780028FAD000EE102AB8EEC00AF1
:10E6000083ED480A10BD006900780028FAD000EEBA
:10E61000102AB8EEC00A83ED4F0A10BD4069007899
:10E620000028FAD000EE102AB8EEC00A83ED560A90
:10E6300010BD806900780028FAD000EE102AB8EEEC
:10E64000C00A83ED5D0A10BD006800780028FAD08A
:10E6500000EE102AB8EEC00A83ED640A10BD4068CF
:10E6600000780028FAD000EE102AB8EEC00A83ED38
:10E670006B0A10BD806800780028FAD000EE102ADE
:10E68000B8EEC00A83ED720A10BDC0680078002899
:10E69000FAD000EE102AB8EEC00A83ED790A10BD58
:10E6A000006900780028FAD000EE102AB8EEC00AFF
:10E6B00083ED800A10BD406900780028FAD000EE92
:10E6C000102AB8EEC00A83ED870A10BDFFE7806903
:10E6D00000780028F9D000EE102AB8EEC00A83EDC9
:10E6E0008E0AF2E7241A0024100B0024D00A00241A
:10E6F000F00A002438B510EE102A01F500718DF8EB
:10E70000002089B2140A8DF80140130C8DF80230F4
:10E71000150E6A4604238DF80350FEF741FB38BD01
:10E7200000B541EC100B2DED028B83B0B1EEC08B28
:10E7300018EE100A18EE901A8DED008B002818BF05
:10E740000120084320F00040C0F17F6000F1E0406C
:10E75000C00F14D010EE101A10EE900A8DED000BC1
:10E76000002918BF0121084320F00040C0F17F605C
:10E7700000F1E040C00F04BF0120FDF705FB51ECA4
:10E78000180B03B0BDEC028B00BD01EE100A70EE59
:10E79000C00A0120B8EEC11A8840401E21EE201A9E
:10E7A00000EE900AF8EEE01AC1EE210A30EE800A7F
:10E7B0007047000610160006101600000001020344
:10E7C00004050607080C1014182030400000000053
:10E7D0000000000000000000000000000000000039
:10E7E000010000000200000003000000040000001F
:10E7F0000000000005000000000000000000000014
:10E800000000000006000000000000000000000002
:10E8100000000000070000000100020004000600E4
:10E8200008000A000C0010002000400080000001D9
:10E8300001010103070100000804020408010101AD
:10E840000000000001020304010203040607080996
:10E85000000000000000F03F000000000000F83F52
:10E8600000000000000000000000004003B8E23F8C
:10E87000000000000000000006D0CF43EBFD4C3E3E
:10E88000033333333333E33FFFAB6FDBB66DDB3F33
:10E890004D268F515555D53F01411DA96074D13F7B
:10E8A00065DBC9934A86CD3FEF4E454A287ECA3F75
:10E8B0003E5555555555C53F93BDBE166CC166BFF7
:10E8C0002CDE25AF6A56113FF16BD2C541BDBBBEF0
:10E8D000D0A4BE726937663E4FBB610567ACDD3FB1
:10E8E000182D4454FB21E93F9BF681D20B73EF3F77
:10E8F000182D4454FB21F93FE2652F227F2B7A3CEF
:10E90000075C143326A6813CBDCBF07A8807703CA7
:10E91000075C143326A6913CC4EB98999999C9BF1A
:10E92000711623FEC671BCBF6D9A74AFF2B0B3BF4F
:10E930009AFDDE522DDEADBF2F6C6A2C44B4A2BF0F
:10E940000D5555555555D53FFF8300922449C23F7B
:10E950006E204CC5CD45B73F513DD0A0660DB13FAF
:10E96000EB0D76244B7BA93F11DA22E33AAD903FC1
:10E970004C5555555555A53F7751C1166CC156BFDD
:10E980009015CB19A001FA3EAD529C804F7E92BEED
:10E99000C4B1B4BD9EEE213ED43888BEE9FAA8BD0C
:10E9A000000000000000000000004054FB21F93F7F
:10E9B0003163621A61B4D03D0000601A61B4D03D89
:10E9C0007370032E8A19A33B0000002E8A19A33B03
:10E9D000C14920259A837B39000000000000000017
:10E9E0006E83F9A22915444ED15727FCC0DD34F5BA
:10E9F000999562DB4190433CAB6351FE61C5BBDE40
:10EA00003A6E24B7E0D24D42EA2E49061C92D10953
:10EA10001CEB1DFE3EA729B1F53582E88444BB2ED0
:10EA200026709CE9417E5FB439D69139F43953831D
:10EA30008B5F849C3B28F9BDFF97F81F0F9805DE7C
:10EA40008B112FEF1F6D0A5ACF7E366DB709CB277A
:10EA5000663F464F2DEA5F9EC7BA27757BF1E5EB0F
:10EA6000F739073DEA92528AB15FFB6B085D8D1F53
:10EA7000A6F810111111813FD561C119A0012ABF5B
:10EA80007DFEB157E31DC73EEB9C2B8AE6E55ABEDF
:10EA90007CD5CF5A3AD9E53DB8EA000800000024F9
:10EAA0000404000044040008E4EA0008040400240C
:10EAB000941D000078BD000881320182103C90D086
:10EAC0000304011103FFF03F01FB0B50FA43040163
:10EAD000FFA10A513F04416240CA49085B40AF10A0
:04EAE00061000000D1
:04000005080002CD20
:00000001FF
